tick,bouche
1.0,0.6544470414353758
1.0,0.6544470414353758
1.0,0.6544470414353758
1.0,0.6544470414353758
1.0,0.6544470414353758
1.0,0.6544470414353758
1.0,0.6544470414353758
1.0,0.6544470414353758
1.0,0.6544470414353758
1.0,0.6544470414353758
1.0,0.6544470414353758
1.0,0.6544470414353758
1.0,0.6544470414353758
1.0,0.6544470414353758
1.0,0.6544470414353758
1.0,0.6544470414353758
1.0,0.6544470414353758
1.0,0.6544470414353758
1.0,0.6544470414353758
1.0,0.6544470414353758
1.0,0.6544470414353758
1.0,0.6544470414353758
1.0,0.6544470414353758
1.0,0.6544470414353758
1.0,0.6544470414353758
1.0,0.6544470414353758
1.0,0.6544470414353758
1.0,0.6544470414353758
1.0,0.6544470414353758
1.0,0.6544470414353758
1.0,0.6544470414353758
1.0,0.6544470414353758
1.0,0.6544470414353758
1.0,0.6544470414353758
1.0,0.6544470414353758
1.0,0.6544470414353758
1.0,0.6544470414353758
1.0,0.6544470414353758
1.0,0.6544470414353758
1.0,0.6544470414353758
1.0,0.6544470414353758
1.0,0.6544470414353758
1.0,0.6544470414353758
1.0,0.6544470414353758
1.0,0.6544470414353758
1.0,0.6544470414353758
1.0,0.6544470414353758
1.0,0.6544470414353758
1.0,0.6544470414353758
1.0,0.6544470414353758
1.0,0.6544470414353758
1.0,0.6544470414353758
1.0,0.6544470414353758
1.0,0.6544470414353758
1.0,0.6544470414353758
1.0,0.6544470414353758
1.0,0.6544470414353758
1.0,0.6544470414353758
1.0,0.6544470414353758
1.0,0.6544470414353758
1.0,0.6544470414353758
1.0,0.6544470414353758
1.0,0.6544470414353758
1.0,0.6544470414353758
1.0,0.6544470414353758
1.0,0.6544470414353758
1.0,0.6544470414353758
1.0,0.6544470414353758
1.0,0.6544470414353758
1.0,0.6544470414353758
1.0,0.6544470414353758
1.0,0.6544470414353758
1.0,0.6544470414353758
1.0,0.6544470414353758
1.0,0.6544470414353758
1.0,0.6544470414353758
1.0,0.6544470414353758
1.0,0.6544470414353758
1.0,0.6544470414353758
1.0,0.6544470414353758
1.0,0.6544470414353758
1.0,0.6544470414353758
1.0,0.6544470414353758
1.0,0.6544470414353758
1.0,0.6544470414353758
1.0,0.6544470414353758
1.0,0.6544470414353758
1.0,0.6544470414353758
1.0,0.6544470414353758
1.0,0.6544470414353758
1.0,0.6544470414353758
1.0,0.6544470414353758
1.0,0.6544470414353758
1.0,0.6544470414353758
1.0,0.6544470414353758
1.0,0.6544470414353758
1.0,0.6544470414353758
1.0,0.6544470414353758
1.0,0.6544470414353758
1.0,0.6544470414353758
1.0,0.6544470414353758
1.0,0.6544470414353758
1.0,0.6544470414353758
1.0,0.6544470414353758
1.0,0.6544470414353758
1.0,0.6544470414353758
1.0,0.6544470414353758
1.0,0.6544470414353758
1.0,0.6544470414353758
1.0,0.6544470414353758
1.0,0.6544470414353758
1.0,0.6544470414353758
1.0,0.6544470414353758
1.0,0.6544470414353758
1.0,0.6544470414353758
1.0,0.6544470414353758
1.0,0.6544470414353758
1.0,0.6544470414353758
1.0,0.6544470414353758
1.0,0.6544470414353758
1.0,0.6544470414353758
1.0,0.6544470414353758
1.0,0.6544470414353758
1.0,0.6544470414353758
2.0,0.650279834451729
3.0,0.6314736249809916
4.0,0.6268945994955247
5.0,0.6056611291557906
6.0,0.5959204109434366
7.0,0.6038434531938648
8.0,0.6052174944282578
9.0,0.5864098350743149
10.0,0.58474907865446
11.0,0.5759196021275088
12.0,0.5745723071842839
13.0,0.5744462803553828
14.0,0.579535338722621
15.0,0.5833818395186805
16.0,0.5727535811231171
17.0,0.5716614319416986
18.0,0.5664568759443999
19.0,0.5710796758478984
20.0,0.5693796193857085
21.0,0.570525108503111
22.0,0.5540896251173242
23.0,0.5335273548019213
24.0,0.5420818590506981
25.0,0.5404803851285577
26.0,0.5464386995823023
27.0,0.5517970247301348
28.0,0.5094972062858674
29.0,0.5193742564307976
30.0,0.5479082477748428
31.0,0.5393999531587367
32.0,0.5356748574977513
33.0,0.5651596420515521
34.0,0.5770649083595304
35.0,0.5787306925227936
36.0,0.577313932742315
37.0,0.5608288299216644
38.0,0.5676879556753613
39.0,0.5701541847139849
40.0,0.5720861587194626
41.0,0.5587903181275504
42.0,0.5465555484374494
43.0,0.5542159831875464
44.0,0.5570735666116307
45.0,0.5706541945490168
46.0,0.5573075967727137
47.0,0.5375786259636474
48.0,0.5404941734386252
49.0,0.5439627761652249
50.0,0.5612795493933298
51.0,0.5719630756873753
52.0,0.5666266035713007
53.0,0.5648847064862693
54.0,0.556714075072056
55.0,0.5610067695204249
56.0,0.5639198167163403
57.0,0.5712475786765278
58.0,0.5751548034014305
59.0,0.5695176555142001
60.0,0.570996685593204
61.0,0.5766524939469085
62.0,0.5747870060653758
63.0,0.5734549446256694
64.0,0.5726553288072592
65.0,0.5709385481218886
66.0,0.5710934310671425
67.0,0.5781935691856233
68.0,0.5810282316572024
69.0,0.5796245766318817
70.0,0.5772887073758415
71.0,0.5740320388471531
72.0,0.5666646478666575
73.0,0.563479317465944
74.0,0.5667857404463218
75.0,0.5703052786755596
76.0,0.5654426510856034
77.0,0.5684262624481977
78.0,0.5731831538838663
79.0,0.572607544049817
80.0,0.5727745817054106
81.0,0.5677135385700303
82.0,0.5605225889604722
83.0,0.5513469630730158
84.0,0.5402719890820961
85.0,0.5136554218058752
86.0,0.515586398960126
87.0,0.518547801902414
88.0,0.5188589914498897
89.0,0.5192178711426395
90.0,0.5211410884881325
91.0,0.524276411208155
92.0,0.5271992367175258
93.0,0.5366042125976297
94.0,0.5370179667348159
95.0,0.5368088755231324
96.0,0.54258734786485
97.0,0.5420988395425504
98.0,0.5390178216217316
99.0,0.5426375994992593
100.0,0.5401687861802871
101.0,0.5457346454083704
102.0,0.5473054810721998
103.0,0.5491389337299447
104.0,0.5515984840979675
105.0,0.5498241916642487
106.0,0.5453399176468973
107.0,0.5484721392749422
108.0,0.5496519877786288
109.0,0.5500650517407603
110.0,0.5495431816971807
111.0,0.548826209911896
112.0,0.5491572977201568
113.0,0.5589304340369856
114.0,0.5626229320634042
115.0,0.5640396833260047
116.0,0.5724859105150683
117.0,0.5719736898320971
118.0,0.572334676727751
119.0,0.5725818451473602
120.0,0.5945874093866006
121.0,0.6094571614122596
122.0,0.6376852238370347
123.0,0.6181144381367875
124.0,0.6197035783435508
125.0,0.5927874563235872
126.0,0.565750681447736
127.0,0.5755003223417701
128.0,0.5805517308954077
129.0,0.5722236944925133
130.0,0.5729517754352632
131.0,0.5813182157737932
132.0,0.5923646425055696
133.0,0.603961056103195
134.0,0.5923897898360264
135.0,0.5890186461285611
136.0,0.5828249833209133
137.0,0.5903298255679584
138.0,0.5924382018441093
139.0,0.5927441337591336
140.0,0.5929977450471234
141.0,0.5908310923513954
142.0,0.5940761996649461
143.0,0.6066313690896061
144.0,0.6087300911500791
145.0,0.5818785617843903
146.0,0.5758378696215466
147.0,0.5652018466093561
148.0,0.5594384490428973
149.0,0.5576672059990659
150.0,0.5642057845297447
151.0,0.5796974307955275
152.0,0.5928854718679799
153.0,0.5837661456051279
154.0,0.5727515511160357
155.0,0.5765861598614817
156.0,0.5710863297954136
157.0,0.5816977471468396
158.0,0.5673387245560649
159.0,0.5873454685185772
160.0,0.5820875730664891
161.0,0.5826549342976577
162.0,0.572087957261254
163.0,0.5692200744521407
164.0,0.576999871075094
165.0,0.5796220720250107
166.0,0.5758394770697027
167.0,0.5584192202198607
168.0,0.5760913205877161
169.0,0.5758290988061492
170.0,0.5766739471827662
171.0,0.5848259390035616
172.0,0.5887952841180197
173.0,0.5922761067753992
174.0,0.591254418649787
175.0,0.5911958535329875
176.0,0.6000893052495919
177.0,0.6123153605762963
178.0,0.6183150033481895
179.0,0.6199292708731673
180.0,0.6175142796855876
181.0,0.6180136520601717
182.0,0.6180087104671323
183.0,0.6126542876424221
184.0,0.5997732345049249
185.0,0.5881211357006474
186.0,0.5704537833460018
187.0,0.5688771055239354
188.0,0.5631908015221195
189.0,0.5724283278553742
190.0,0.5742299133185322
191.0,0.5786233009600985
192.0,0.5813247562489073
193.0,0.5864388351848236
194.0,0.5857771892979703
195.0,0.5841731941967212
196.0,0.5800953316170577
197.0,0.5773086173086881
198.0,0.57995107765641
199.0,0.5799373952733755
200.0,0.5789213203900785
201.0,0.5794605329278877
202.0,0.5813433427232728
203.0,0.5805666691421624
204.0,0.576339474388764
205.0,0.5777882439269956
206.0,0.5772217645971419
207.0,0.5788701171412358
208.0,0.5740674559294078
209.0,0.5714418950402557
210.0,0.56120082309836
211.0,0.5405191674814582
212.0,0.559096011378857
213.0,0.5750842537294212
214.0,0.5760212764735473
215.0,0.5597990563190631
216.0,0.5618851127091247
217.0,0.563758796065284
218.0,0.5530368598114048
219.0,0.5406830370489641
220.0,0.5556712225373711
221.0,0.5734079182660442
222.0,0.586617760061814
223.0,0.5893648204332425
224.0,0.5770559249805894
225.0,0.5566297000209413
226.0,0.5542797831326396
227.0,0.5584809784960475
228.0,0.5787710424744746
229.0,0.5450809689010928
230.0,0.5404883475064979
231.0,0.5078806120868823
232.0,0.5086086048373479
233.0,0.5588595359502558
234.0,0.5861496366954697
235.0,0.5828679571041434
236.0,0.5861209140512862
237.0,0.5877024600116872
238.0,0.5979592222645356
239.0,0.596430491081807
240.0,0.5912161652475201
241.0,0.571051340443097
242.0,0.562543791731758
243.0,0.5537461671980115
244.0,0.5527005817806959
245.0,0.5306774440221118
246.0,0.5317395546043592
247.0,0.5289558038527541
248.0,0.5343147531873682
249.0,0.5361248596480919
250.0,0.5580630057867858
251.0,0.5720761175676554
252.0,0.5710113756983193
253.0,0.5717230568289479
254.0,0.5814022134362856
255.0,0.5797535307392689
256.0,0.5907960031896318
257.0,0.5887462102564175
258.0,0.5856226078231244
259.0,0.5851192245980134
260.0,0.574957953934328
261.0,0.5685060086960754
262.0,0.5377057970025121
263.0,0.5254463287344444
264.0,0.5579333901800023
265.0,0.5681475242820189
266.0,0.5565874974791786
267.0,0.5656650980268717
268.0,0.5620056735530488
269.0,0.5644531865578837
270.0,0.5718695450985704
271.0,0.5649597541824284
272.0,0.5460524714239774
273.0,0.5481012858841572
274.0,0.5546971986499815
275.0,0.5789416265929418
276.0,0.6008710494024986
277.0,0.6124834773383403
278.0,0.6142741922536636
279.0,0.6064562656996706
280.0,0.5993553116497042
281.0,0.5905360309192209
282.0,0.5915884009086976
283.0,0.5881983520704189
284.0,0.5665580026539715
285.0,0.6216892095106304
286.0,0.6391914436637591
287.0,0.650335908842771
288.0,0.6705763530053919
289.0,0.6669748166306912
290.0,0.6613358893280484
291.0,0.6580010502155097
292.0,0.6514184284491956
293.0,0.6442453006426607
294.0,0.6347846607464199
295.0,0.6311340282974817
296.0,0.6230260906221681
297.0,0.6175446315542049
298.0,0.6087042011062257
299.0,0.6075050084593216
300.0,0.6095490176724976
301.0,0.6124124562198893
302.0,0.6091222694841134
303.0,0.6088606546949362
304.0,0.6029451672725511
305.0,0.6054690524031405
306.0,0.6060475388598946
307.0,0.609443271822241
308.0,0.6065671825338425
309.0,0.6033514128184113
310.0,0.6051661950999079
311.0,0.6102423249450241
312.0,0.6113608835473878
313.0,0.6136881721297589
314.0,0.619670674094044
315.0,0.6132201648122602
316.0,0.6123429851791486
317.0,0.5855448001440937
318.0,0.573767572248622
319.0,0.5691001155141058
320.0,0.5738449458318047
321.0,0.5561263784262058
322.0,0.5574919179704141
323.0,0.5652497012898576
324.0,0.570341223063558
325.0,0.5718181051997164
326.0,0.5808978123371021
327.0,0.5868432381976482
328.0,0.5508721102244911
329.0,0.5509508313301756
330.0,0.5531865084535302
331.0,0.5315855959359622
332.0,0.5179232178682067
333.0,0.5195378863905104
334.0,0.5264209078366828
335.0,0.5471069219727716
336.0,0.5696338655480462
337.0,0.5699578019681844
338.0,0.5779232747921825
339.0,0.5705180840113553
340.0,0.5857387423541841
341.0,0.5921647984556623
342.0,0.5929754312668317
343.0,0.5891946100377489
344.0,0.5913737637428841
345.0,0.5780650883973639
346.0,0.5794819404906196
347.0,0.5846511154775341
348.0,0.5802040035542586
349.0,0.5852038545711459
350.0,0.5796342532707311
351.0,0.5813582101685237
352.0,0.579271681886278
353.0,0.5810904895567526
354.0,0.5757680289939373
355.0,0.5734092882079208
356.0,0.5733642257669936
357.0,0.5762508598372744
358.0,0.576055190856525
359.0,0.5771661154107841
360.0,0.5761993880154128
361.0,0.5755620889124947
362.0,0.5783211775188342
363.0,0.5804763227742592
364.0,0.5813176905047475
365.0,0.578984158585494
366.0,0.5809962179811863
367.0,0.584258984113144
368.0,0.5828087383674931
369.0,0.5774836457843795
370.0,0.5791559347913352
371.0,0.5791604867244373
372.0,0.5827913474243215
373.0,0.5842436600688607
374.0,0.5831384448242508
375.0,0.5842298571190644
376.0,0.5873429115096287
377.0,0.5893408776309789
378.0,0.5919607910128214
379.0,0.601121470061086
380.0,0.6030880813078633
381.0,0.6100689799069093
382.0,0.6099537175153934
383.0,0.6011609556815161
384.0,0.5933218165329062
385.0,0.5960989095894544
386.0,0.5951772645714576
387.0,0.5947316125730064
388.0,0.5804527824657822
389.0,0.5841580526915775
390.0,0.5965382940135001
391.0,0.612255320245221
392.0,0.6318258711967976
393.0,0.6742047873310908
394.0,0.6482085193488879
395.0,0.6313476836826298
396.0,0.5972765916230712
397.0,0.5547098766279009
398.0,0.5775126534100564
399.0,0.5750049618890786
400.0,0.5648452538943481
401.0,0.5680937564626509
402.0,0.5806091776634458
403.0,0.5746117733583838
404.0,0.5828445847448805
405.0,0.5562471360367937
406.0,0.5579131445793988
407.0,0.5566762171269124
408.0,0.5679958865429938
409.0,0.5708700992086319
410.0,0.5687663101420997
411.0,0.5737098299309192
412.0,0.5829259612856498
413.0,0.5969998354002785
414.0,0.5883593960948456
415.0,0.5863690922110814
416.0,0.5837213907408346
417.0,0.5784332434772029
418.0,0.572428483676217
419.0,0.5766708423216513
420.0,0.6053337140388699
421.0,0.6097202684251649
422.0,0.5969640979499592
423.0,0.5997984711391332
424.0,0.5936114946557357
425.0,0.585416301746236
426.0,0.6008686439137672
427.0,0.6027578256917027
428.0,0.6138953955265715
429.0,0.6255396348480123
430.0,0.626577800367385
431.0,0.6107516372372088
432.0,0.6040794429134996
433.0,0.6053221819036836
434.0,0.6021733350747989
435.0,0.6004146863261247
436.0,0.6025741052084859
437.0,0.6104553225413617
438.0,0.5920568116940474
439.0,0.5793707151101023
440.0,0.5620943428371585
441.0,0.5489494293735019
442.0,0.544626557119851
443.0,0.5430434073044853
444.0,0.5493992676937498
445.0,0.5769685190925832
446.0,0.5651394853119873
447.0,0.5439366814412235
448.0,0.5208201066386144
449.0,0.5326030580535825
450.0,0.5463613907353556
451.0,0.5716062655598195
452.0,0.5644068552741884
453.0,0.5586999909028354
454.0,0.5747668973952494
455.0,0.5875321631988754
456.0,0.5820160278484825
457.0,0.5929983270482722
458.0,0.5842289159247847
459.0,0.5808919446789478
460.0,0.5730265163342605
461.0,0.6020922904377839
462.0,0.6009213899166815
463.0,0.6045389367885198
464.0,0.5921224894466276
465.0,0.5862551899935632
466.0,0.5790209656752869
467.0,0.5858135015272047
468.0,0.5830909251901215
469.0,0.5784011897185928
470.0,0.5841802880238605
471.0,0.5793189172365374
472.0,0.5752136421827846
473.0,0.5678703788264529
474.0,0.5666658435594004
475.0,0.5673158087404353
476.0,0.5662840914594839
477.0,0.5477597704921089
478.0,0.5396014535955771
479.0,0.5376819651334723
480.0,0.5520830393615432
481.0,0.5545492414064186
482.0,0.5625993672202094
483.0,0.5660582380811245
484.0,0.5727849952104048
485.0,0.5829884184710012
486.0,0.5971736947496485
487.0,0.5964138515329248
488.0,0.5946668321891341
489.0,0.5916600824945885
490.0,0.5977983295911432
491.0,0.5873359037926852
492.0,0.5873735065411796
493.0,0.5852401494409996
494.0,0.5838689562903665
495.0,0.5935380799906574
496.0,0.6029386052611985
497.0,0.6030604760004367
498.0,0.6067169403484413
499.0,0.6085337680210743
500.0,0.6105028655922573
501.0,0.613642760986897
502.0,0.6178520462792639
503.0,0.591279662557212
504.0,0.6170302729683321
505.0,0.6168068859562447
506.0,0.6130139059535374
507.0,0.6083125257236532
508.0,0.601194755657571
509.0,0.5917348775431777
510.0,0.5747125443165618
511.0,0.572979832992599
512.0,0.5698302217720959
513.0,0.5877889780854759
514.0,0.5986692288149853
515.0,0.600029026119598
516.0,0.5995588021035604
517.0,0.6031933604083344
518.0,0.6059488190322362
519.0,0.6054696512479443
520.0,0.607367736465793
521.0,0.607258214108867
522.0,0.6129639293287681
523.0,0.6132428412378814
524.0,0.6095699004865796
525.0,0.6122040973605338
526.0,0.60326622799653
527.0,0.6069396144100894
528.0,0.6076374843043079
529.0,0.5939086346015663
530.0,0.6045172263666377
531.0,0.5749287810183088
532.0,0.5757678923311181
533.0,0.5784283846475039
534.0,0.5806402133371277
535.0,0.5823205062672442
536.0,0.5783389685728504
537.0,0.5734380160308856
538.0,0.5871022665957291
539.0,0.5802533471692082
540.0,0.578326382600329
541.0,0.5804521679450123
542.0,0.5753372137290388
543.0,0.5751729569529938
544.0,0.5917547407784491
545.0,0.6053381057073779
546.0,0.6062608587773711
547.0,0.5984742846703169
548.0,0.6033124774100659
549.0,0.6079772463000608
550.0,0.6192799188834628
551.0,0.6314140249090551
552.0,0.6608771578210881
553.0,0.6657410597869162
554.0,0.6306266589868836
555.0,0.5932652950550599
556.0,0.5863258206104733
557.0,0.5859538729551912
558.0,0.5589049521104946
559.0,0.5555091832065708
560.0,0.5711217696819333
561.0,0.5660110397679884
562.0,0.5712165759678551
563.0,0.5686028834926491
564.0,0.5775346910010891
565.0,0.5914908213441425
566.0,0.5600579746342113
567.0,0.537767852757088
568.0,0.5219301394698392
569.0,0.4838098331019917
570.0,0.47298357250874656
571.0,0.48703584918634024
572.0,0.5129532423852338
573.0,0.5655971144745102
574.0,0.5910618897565549
575.0,0.5890051694781814
576.0,0.5895823321121212
577.0,0.584043657542244
578.0,0.5798488828603277
579.0,0.5725874938217559
580.0,0.5721001772779623
581.0,0.5803207826330793
582.0,0.5791031957381981
583.0,0.5764125108126944
584.0,0.5760031119823209
585.0,0.5846984322102075
586.0,0.5960614141333669
587.0,0.6019930267746659
588.0,0.6072881350562164
589.0,0.6053888187509446
590.0,0.6049467771516959
591.0,0.6089713855808736
592.0,0.5886767464951588
593.0,0.5796353993027495
594.0,0.5764381126478882
595.0,0.5595478692761598
596.0,0.5582542141881905
597.0,0.5733464153515283
598.0,0.5707140635496055
599.0,0.5620743150367257
600.0,0.5351102856696986
601.0,0.5386503479574805
602.0,0.5572921925512642
603.0,0.568834655902403
604.0,0.5566275381741831
605.0,0.546734376283267
606.0,0.5417606123946597
607.0,0.5399371170067024
608.0,0.5526600064626139
609.0,0.5553764690885025
610.0,0.5615605859100352
611.0,0.5675451797142256
612.0,0.5837688475986053
613.0,0.5770637236497171
614.0,0.5721411347388379
615.0,0.5634855065855219
616.0,0.574199088036097
617.0,0.5797583458367681
618.0,0.583009937710846
619.0,0.5938265805530053
620.0,0.5996679506066264
621.0,0.5694837195457257
622.0,0.5797824681121624
623.0,0.5790036490264154
624.0,0.569801568294376
625.0,0.5650758613401663
626.0,0.57647102663929
627.0,0.5801573374722003
628.0,0.5813736589555409
629.0,0.5882500212427629
630.0,0.5864129899794315
631.0,0.5834816236034754
632.0,0.5794328733723352
633.0,0.5773584152545885
634.0,0.5747297060200922
635.0,0.5744429726686371
636.0,0.5746220989235841
637.0,0.5752809829486137
638.0,0.5809257828833724
639.0,0.5769850763400025
640.0,0.5774689931594473
641.0,0.5779108356144278
642.0,0.5772092379653833
643.0,0.5738735027562969
644.0,0.5618612983177932
645.0,0.5720913456056257
646.0,0.5603055951667121
647.0,0.5499221676818105
648.0,0.5334682281883645
649.0,0.5302772167790115
650.0,0.5706800827574935
651.0,0.5898697287252612
652.0,0.5864708690109055
653.0,0.6037613515072742
654.0,0.6114297672177119
655.0,0.5738622025828992
656.0,0.5558786932255475
657.0,0.5719255574710261
658.0,0.5900993956089776
659.0,0.6016556747069866
660.0,0.6065269242106278
661.0,0.5898253534099407
662.0,0.5992098252233111
663.0,0.6146033453819524
664.0,0.6066348632467902
665.0,0.596354169995985
666.0,0.5994808906824441
667.0,0.5981508194122711
668.0,0.5999430596677808
669.0,0.60582519147381
670.0,0.6057002310012419
671.0,0.6116369056483721
672.0,0.5919713949927722
673.0,0.5953562220670279
674.0,0.6046437450906014
675.0,0.6266336792702321
676.0,0.6238539490887678
677.0,0.604937640420581
678.0,0.6209427542257779
679.0,0.6122110814112512
680.0,0.5962198415956951
681.0,0.6036170739782443
682.0,0.6205392784718209
683.0,0.6205397551000136
684.0,0.6213040517956105
685.0,0.6097287001914004
686.0,0.5785733389819616
687.0,0.5645834619479639
688.0,0.5593327371352266
689.0,0.5746815852055478
690.0,0.5746773854912087
691.0,0.5789345102276767
692.0,0.5847909807105519
693.0,0.5848743525396687
694.0,0.5837142159075263
695.0,0.5886238541830086
696.0,0.5895463175665635
697.0,0.5881162252549744
698.0,0.5957577158108558
699.0,0.5863567549088309
700.0,0.5841880256320923
701.0,0.584080540683918
702.0,0.584608701734789
703.0,0.5597813142621769
704.0,0.567906843507719
705.0,0.5814143895078445
706.0,0.5981957230294771
707.0,0.6293219295176204
708.0,0.6320545568834696
709.0,0.6073257872667739
710.0,0.5888243111412157
711.0,0.5781150689993818
712.0,0.5647159983119194
713.0,0.5643116357879628
714.0,0.5630713136226869
715.0,0.5823954393279395
716.0,0.6057806486087699
717.0,0.6069911224207599
718.0,0.5648299772756249
719.0,0.5593713061555124
720.0,0.5573713546764142
721.0,0.558485317505412
722.0,0.5847028219996652
723.0,0.5856797501989276
724.0,0.59116096277376
725.0,0.5939785162667778
726.0,0.584360489725865
727.0,0.5656780891853139
728.0,0.5383778653031328
729.0,0.5494798408856072
730.0,0.5690996680493051
731.0,0.5804336938796563
732.0,0.5843839522943419
733.0,0.5843103252492208
734.0,0.5787602721783282
735.0,0.5805610628661555
736.0,0.5762379492044754
737.0,0.5835009702141987
738.0,0.5764129334092614
739.0,0.5909285711331657
740.0,0.5927788305089674
741.0,0.5873977507451595
742.0,0.5970424887015708
743.0,0.5999608489466718
744.0,0.6044976198043339
745.0,0.6090634777799844
746.0,0.6118328238924541
747.0,0.6144500617771514
748.0,0.6153006650222428
749.0,0.6182289662518404
750.0,0.629758767405073
751.0,0.6263248160833631
752.0,0.6263338703410043
753.0,0.6249441965220898
754.0,0.5937146222159224
755.0,0.5978357085203148
756.0,0.5797191184639298
757.0,0.5725316373316366
758.0,0.5883182560467034
759.0,0.5965591809891158
760.0,0.5951501655624384
761.0,0.5980367034374989
762.0,0.5925739114876722
763.0,0.6020766033186025
764.0,0.5988532068804809
765.0,0.5977905424121917
766.0,0.5865293250795227
767.0,0.5888650564473269
768.0,0.5847515518663928
769.0,0.5819433231738645
770.0,0.5822794952431443
771.0,0.564831618041481
772.0,0.5655656885537595
773.0,0.5729625029226904
774.0,0.5919787082283843
775.0,0.5983839502790002
776.0,0.5976520490574083
777.0,0.6046964164212527
778.0,0.5989778611538706
779.0,0.5929164595915777
780.0,0.5840538528440357
781.0,0.5773038771481557
782.0,0.5747764646568354
783.0,0.5737521880510831
784.0,0.5705430723066384
785.0,0.5720552842388463
786.0,0.5793163041285123
787.0,0.5855682155619676
788.0,0.5892492302149425
789.0,0.5854105284830446
790.0,0.5861190692219889
791.0,0.594244959784819
792.0,0.6012617221410024
793.0,0.6047900538280191
794.0,0.6078761632596097
795.0,0.6046883355159435
796.0,0.6148429373787933
797.0,0.6150003075608589
798.0,0.6169900723512067
799.0,0.6131257478598204
800.0,0.6153306878019749
801.0,0.6132049170213721
802.0,0.6113338791877655
803.0,0.613932065012814
804.0,0.6107734700289622
805.0,0.6070777862683616
806.0,0.6028070640898929
807.0,0.5874329143466677
808.0,0.5928044858029604
809.0,0.6044279898037701
810.0,0.6176649879215984
811.0,0.6330212042653327
812.0,0.5992211994807162
813.0,0.5928077725908334
814.0,0.5903617354201844
815.0,0.5652876481370098
816.0,0.5500135263945422
817.0,0.5642842674670878
818.0,0.5704979059921118
819.0,0.5613937868664204
820.0,0.5501712947568507
821.0,0.5722082337188388
822.0,0.6035031772867337
823.0,0.6138912053455595
824.0,0.6060730004273093
825.0,0.599757121194661
826.0,0.6014536280109896
827.0,0.6034479394184806
828.0,0.6001117523702783
829.0,0.592411767923448
830.0,0.5537307531072834
831.0,0.5328018772652885
832.0,0.5503203865609723
833.0,0.5591247151732436
834.0,0.5546657167184718
835.0,0.5848514185869687
836.0,0.6118727008513535
837.0,0.6298065005129531
838.0,0.6578365739092334
839.0,0.6928112601410492
840.0,0.7291308108707829
841.0,0.7434427540215941
842.0,0.7553381989524671
843.0,0.7702935433086369
844.0,0.7675494496512009
845.0,0.7399442902872931
846.0,0.7054801881616346
847.0,0.6593456858591791
848.0,0.6445955544736639
849.0,0.5994935670372422
850.0,0.602789092729916
851.0,0.6876234124241213
852.0,0.7130617415639574
853.0,0.7335532717815432
854.0,0.7449204938306883
855.0,0.737165861123646
856.0,0.7410620979060074
857.0,0.7432493964182901
858.0,0.7521703644800538
859.0,0.7520490360446538
860.0,0.7561206041068512
861.0,0.7655156071105192
862.0,0.7723061917843193
863.0,0.7672133436620113
864.0,0.7716852720350079
865.0,0.7710537650605632
866.0,0.7765156169065681
867.0,0.7678010291237609
868.0,0.7702414366323228
869.0,0.7580490944452214
870.0,0.7333177604280833
871.0,0.6845764928352068
872.0,0.663335537386286
873.0,0.6498057180648371
874.0,0.6219799499372666
875.0,0.6054257270612313
876.0,0.5945806971078486
877.0,0.5886158239393675
878.0,0.6008728852587065
879.0,0.6306452064551002
880.0,0.6273654076508299
881.0,0.6228648677047798
882.0,0.6389735560368721
883.0,0.6404271711452197
884.0,0.6526522939965624
885.0,0.6583778691306168
886.0,0.6674474569422546
887.0,0.668413655420637
888.0,0.6498367403869744
889.0,0.6397125063563556
890.0,0.634473753327817
891.0,0.6376964854361503
892.0,0.6842827123762575
893.0,0.7016184360766017
894.0,0.7190231834152855
895.0,0.7277045048748735
896.0,0.7383300974739232
897.0,0.7550155632122569
898.0,0.7425516872792722
899.0,0.7532424040801899
900.0,0.7516675993296623
901.0,0.7469561636983201
902.0,0.7528598332504783
903.0,0.7486676894722692
904.0,0.7483933597541043
905.0,0.7459960067998478
906.0,0.7557954410344285
907.0,0.7574601759014336
908.0,0.7568572842875271
909.0,0.7574315053772127
910.0,0.7534403234773013
911.0,0.753157649029474
912.0,0.7595530872221138
913.0,0.7597303276050009
914.0,0.7563287131258704
915.0,0.7519661365848819
916.0,0.7512076512567533
917.0,0.7513817658357692
918.0,0.7520790402802255
919.0,0.7510692442765136
920.0,0.7530442432546645
921.0,0.7523506038520941
922.0,0.7495626395783478
923.0,0.7513745741910931
924.0,0.7484352197196156
925.0,0.7493051533350825
926.0,0.7512986702610381
927.0,0.750176930505618
928.0,0.744140712449395
929.0,0.743093405460162
930.0,0.7368056553855433
931.0,0.7237069470209002
932.0,0.7194978786598134
933.0,0.7137487955371699
934.0,0.6815231731592474
935.0,0.6553364076191712
936.0,0.658667716710247
937.0,0.6696194077149955
938.0,0.6768106571640501
939.0,0.6643948672580446
940.0,0.6602049625665709
941.0,0.6570631438047525
942.0,0.6352286180053622
943.0,0.6191000092071582
944.0,0.6128791211218396
945.0,0.590145972778178
946.0,0.5654890484111179
947.0,0.5361192715089467
948.0,0.5268378574707769
949.0,0.5748008092877982
950.0,0.5923504939895367
951.0,0.6001988215620587
952.0,0.6210367446020691
953.0,0.6313161621823447
954.0,0.6207364205538549
955.0,0.6069657503834902
956.0,0.5964510583380156
957.0,0.5862781579986307
958.0,0.5775756664259238
959.0,0.5924094879529339
960.0,0.585908852452835
961.0,0.5622974191570005
962.0,0.5540511541647594
963.0,0.5588701346485037
964.0,0.5714054677041734
965.0,0.5864338256187955
966.0,0.5812995052072599
967.0,0.5875975937763624
968.0,0.5890399030686381
969.0,0.5973077852245731
970.0,0.6035317426466477
971.0,0.5913166868521166
972.0,0.6048171286125927
973.0,0.5856608446037253
974.0,0.5801775618088374
975.0,0.6056110881964247
976.0,0.6231319050361945
977.0,0.6120884025684344
978.0,0.6045900767036724
979.0,0.5933623402169651
980.0,0.5936559400873485
981.0,0.5941265814727574
982.0,0.597783211329097
983.0,0.6040153373561802
984.0,0.5981241112767494
985.0,0.6011775637794357
986.0,0.6161439736957837
987.0,0.6186455606959085
988.0,0.6012038622572956
989.0,0.6203513408841103
990.0,0.6143420696942958
991.0,0.5932774891034508
992.0,0.5852748752698939
993.0,0.5864137179360803
994.0,0.6001841098841256
995.0,0.6084212357791483
996.0,0.6030323551245459
997.0,0.586269095856758
998.0,0.5812175241745875
999.0,0.5831072890330251
1000.0,0.5915154488179919
1001.0,0.6009323356943423
1002.0,0.6000528568933772
1003.0,0.5942519508613276
1004.0,0.5851374316862821
1005.0,0.579352645538754
1006.0,0.5808237197261357
1007.0,0.5900544212013552
1008.0,0.6070365269052697
1009.0,0.5750953525462876
1010.0,0.5561824896370657
1011.0,0.5425084758785172
1012.0,0.5204476524288916
1013.0,0.5411016142774218
1014.0,0.5686017822421562
1015.0,0.5726543481279431
1016.0,0.5681143489502939
1017.0,0.5669521443031443
1018.0,0.5634947526814132
1019.0,0.5558349893288099
1020.0,0.5523777753679292
1021.0,0.5507544056101954
1022.0,0.5453538772894592
1023.0,0.5422283483889387
1024.0,0.5357388372136537
1025.0,0.5312680176629183
1026.0,0.5290305121228203
1027.0,0.5227987802668018
1028.0,0.5244351647120127
1029.0,0.5579225473579917
1030.0,0.5905222248515327
1031.0,0.5980295529895729
1032.0,0.5940760926496735
1033.0,0.599108944362348
1034.0,0.5926312933158043
1035.0,0.6011930804677035
1036.0,0.6012329130360043
1037.0,0.6050789680584114
1038.0,0.6046740934040983
1039.0,0.5945841921718591
1040.0,0.5899875808079099
1041.0,0.5920189338740116
1042.0,0.5959685729440746
1043.0,0.5961716135115183
1044.0,0.5916572917389489
1045.0,0.5916044546979979
1046.0,0.5980736434016919
1047.0,0.5954783396837084
1048.0,0.5836658412814746
1049.0,0.5858612561636262
1050.0,0.5816007731909292
1051.0,0.5784347997690278
1052.0,0.5119897421672438
1053.0,0.5034111204377218
1054.0,0.4957426641894246
1055.0,0.49938937623150054
1056.0,0.49651335143408637
1057.0,0.489078317693735
1058.0,0.47439094619058975
1059.0,0.4764643850028261
1060.0,0.4771267707464709
1061.0,0.5222342131665393
1062.0,0.5781232153263517
1063.0,0.5992939850055478
1064.0,0.6171809211307615
1065.0,0.6030805909763575
1066.0,0.5910795651951136
1067.0,0.5648663350560419
1068.0,0.5557904000561251
1069.0,0.5538295109203032
1070.0,0.5437412094827456
1071.0,0.5338634973953421
1072.0,0.5344156930776367
1073.0,0.5338523663607062
1074.0,0.5282371211074978
1075.0,0.520738085440383
1076.0,0.518349465572697
1077.0,0.5177870016103101
1078.0,0.5356399005652455
1079.0,0.5570605847119923
1080.0,0.562242202610205
1081.0,0.5731618020783162
1082.0,0.5725641022723575
1083.0,0.5784268670507532
1084.0,0.5840551759926337
1085.0,0.5821665967400151
1086.0,0.572918907904353
1087.0,0.5718713661012026
1088.0,0.5711888807187361
1089.0,0.5763665853909635
1090.0,0.5776139474979464
1091.0,0.5877150239646434
1092.0,0.5860372209962377
1093.0,0.5871269177925248
1094.0,0.5879284907014632
1095.0,0.5933699422340184
1096.0,0.5921739134533501
1097.0,0.5939436495779198
1098.0,0.59354335319797
1099.0,0.5980809785227408
1100.0,0.5916485991724872
1101.0,0.5808475958698421
1102.0,0.5606293647617155
1103.0,0.5637941402982289
1104.0,0.5633733287505541
1105.0,0.543978591624807
1106.0,0.531361896580112
1107.0,0.5568003992175163
1108.0,0.5590375455963922
1109.0,0.5489045397738398
1110.0,0.553547183235829
1111.0,0.5873744762824332
1112.0,0.609876105221088
1113.0,0.617045013203721
1114.0,0.6023093591232945
1115.0,0.5930953920461627
1116.0,0.5912939660509862
1117.0,0.5933777447039209
1118.0,0.5976651457646273
1119.0,0.599616868697111
1120.0,0.6021660144202704
1121.0,0.5957317283994684
1122.0,0.5884531806036749
1123.0,0.5859439075333882
1124.0,0.5865109170867083
1125.0,0.5898318027245385
1126.0,0.5835050420082379
1127.0,0.585653307500241
1128.0,0.5873061563321555
1129.0,0.585306899132248
1130.0,0.5824168662640579
1131.0,0.5844618884244812
1132.0,0.5818807433984768
1133.0,0.5868767177565541
1134.0,0.5870265872444135
1135.0,0.5843479688211962
1136.0,0.5873655372160284
1137.0,0.582747290423519
1138.0,0.5819357708495714
1139.0,0.584659804788785
1140.0,0.5843336659896198
1141.0,0.5825450760460719
1142.0,0.5785284462424052
1143.0,0.5799149981944463
1144.0,0.5722402309167343
1145.0,0.5785391404707492
1146.0,0.5795131749991513
1147.0,0.5798369104339055
1148.0,0.5824142735664005
1149.0,0.5822575204090635
1150.0,0.5849066232728233
1151.0,0.5859619739631157
1152.0,0.5908199527232852
1153.0,0.6055723254100501
1154.0,0.6115726639191904
1155.0,0.6186641031244787
1156.0,0.5935055245609032
1157.0,0.598705566183606
1158.0,0.5991264344394294
1159.0,0.6012141421881773
1160.0,0.6314501998462833
1161.0,0.6342019176514968
1162.0,0.6307128687461737
1163.0,0.6269640658126358
1164.0,0.6122754893838424
1165.0,0.5824262401220072
1166.0,0.5485861917202391
1167.0,0.5136226792482349
1168.0,0.49351722367734485
1169.0,0.48409043929010603
1170.0,0.48360174078156715
1171.0,0.4921823548061246
1172.0,0.542869182147651
1173.0,0.563799031480214
1174.0,0.5664752265247008
1175.0,0.5559575131755212
1176.0,0.5558378364960039
1177.0,0.5598490585281003
1178.0,0.569227678975334
1179.0,0.571712338492393
1180.0,0.5783452366966633
1181.0,0.5872420425712486
1182.0,0.5980624238695286
1183.0,0.597305023414077
1184.0,0.5911298636891152
1185.0,0.5938795855922524
1186.0,0.5999272168879031
1187.0,0.601561022574981
1188.0,0.6045945371000354
1189.0,0.6101446264006256
1190.0,0.577400075030342
1191.0,0.5771817766495053
1192.0,0.5782086410649511
1193.0,0.5901036117422438
1194.0,0.6035367789206314
1195.0,0.6031444517265943
1196.0,0.5754747903052884
1197.0,0.5698685957517106
1198.0,0.5745652739906335
1199.0,0.5640743678141363
1200.0,0.5410138206508672
1201.0,0.5287286762122161
1202.0,0.5624649027660577
1203.0,0.5765385744568315
1204.0,0.5699055346165266
1205.0,0.5938850017826909
1206.0,0.5944841896393874
1207.0,0.5700888272520159
1208.0,0.5400775138249595
1209.0,0.48595408003409185
1210.0,0.4508132759040863
1211.0,0.5218702126966909
1212.0,0.5768908756032578
1213.0,0.6000835420146678
1214.0,0.6001596077923739
1215.0,0.5931625443310921
1216.0,0.5871307316504152
1217.0,0.5623076177761344
1218.0,0.5720620000888538
1219.0,0.5615882118001729
1220.0,0.5570684279385755
1221.0,0.5601581647137993
1222.0,0.5642908073009966
1223.0,0.5589826277883212
1224.0,0.5685273997492035
1225.0,0.5709598602865278
1226.0,0.5839690975740004
1227.0,0.594438646083272
1228.0,0.5843788831448832
1229.0,0.5981066971175795
1230.0,0.5906861500580705
1231.0,0.5822142189214125
1232.0,0.5766753369116734
1233.0,0.5968801034892675
1234.0,0.5765253838842174
1235.0,0.565609968729623
1236.0,0.5747107021790291
1237.0,0.5803789735175134
1238.0,0.5867950005725847
1239.0,0.5732200180404631
1240.0,0.5671194354239764
1241.0,0.5751282320403189
1242.0,0.5805422617644102
1243.0,0.591877115736164
1244.0,0.6090508348753118
1245.0,0.6112616641470847
1246.0,0.6022505451334568
1247.0,0.6015833456386831
1248.0,0.6014076111034733
1249.0,0.6102280517409635
1250.0,0.6174476802864829
1251.0,0.6188107923127129
1252.0,0.6470740574075707
1253.0,0.665637325309114
1254.0,0.6492495917398593
1255.0,0.6240121685191725
1256.0,0.6137932334714465
1257.0,0.611803954062213
1258.0,0.6056895632857172
1259.0,0.6300046451243385
1260.0,0.6444554079590179
1261.0,0.6797757443390283
1262.0,0.7058967921291633
1263.0,0.7203036948337722
1264.0,0.7363450444785387
1265.0,0.7361183022342015
1266.0,0.704533046749259
1267.0,0.6708914985439596
1268.0,0.6551012201649076
1269.0,0.6496864896166336
1270.0,0.6534712987147439
1271.0,0.6753295478060496
1272.0,0.7103394001548685
1273.0,0.7254648769872514
1274.0,0.7185570494354054
1275.0,0.6826971905696433
1276.0,0.6754795502532521
1277.0,0.6959853604133515
1278.0,0.7090429615002517
1279.0,0.7374736536392917
1280.0,0.7396119433087175
1281.0,0.7474798669776748
1282.0,0.7484925446675095
1283.0,0.7628050922197883
1284.0,0.7575152909824485
1285.0,0.7428554807244881
1286.0,0.753621105747357
1287.0,0.7694146476705402
1288.0,0.775474791506781
1289.0,0.7814226330531401
1290.0,0.7765625606526033
1291.0,0.7742711430875212
1292.0,0.7748244292930612
1293.0,0.7381159263273536
1294.0,0.7547678718206279
1295.0,0.7499716240064347
1296.0,0.7934318841310803
1297.0,0.7963174143586501
1298.0,0.7879543085189714
1299.0,0.786219145116693
1300.0,0.7823928771819171
1301.0,0.7809885891061726
1302.0,0.7936227140297104
1303.0,0.7940683639393902
1304.0,0.8049041465556136
1305.0,0.805102013888985
1306.0,0.793042385372107
1307.0,0.758729906745683
1308.0,0.7194285877425435
1309.0,0.6861656679545758
1310.0,0.6798127360161059
1311.0,0.7012092834167722
1312.0,0.7093420877107133
1313.0,0.7106709581067164
1314.0,0.707794871761375
1315.0,0.6995198834088481
1316.0,0.692104109512278
1317.0,0.6919422776125
1318.0,0.6766719685916788
1319.0,0.6912964075668976
1320.0,0.7085558954381964
1321.0,0.7252063121709006
1322.0,0.7490125996853654
1323.0,0.7552308395343486
1324.0,0.7587081502790699
1325.0,0.7445507396179737
1326.0,0.7389052383197964
1327.0,0.7324092128988788
1328.0,0.7316949757230988
1329.0,0.7359556162162626
1330.0,0.7334606673006955
1331.0,0.7320294561392164
1332.0,0.7317596921963693
1333.0,0.7331343404605255
1334.0,0.7348377160874358
1335.0,0.7298625711505088
1336.0,0.7293843207944459
1337.0,0.7206922300046215
1338.0,0.7085800170350851
1339.0,0.688926104978027
1340.0,0.6831565839228733
1341.0,0.6770059723511193
1342.0,0.6765986884137005
1343.0,0.6561813066443736
1344.0,0.633618058389085
1345.0,0.6238776022933807
1346.0,0.6183775457753482
1347.0,0.6161498320216644
1348.0,0.6387022885760221
1349.0,0.6705666042933687
1350.0,0.6886210652942061
1351.0,0.6869381697841801
1352.0,0.6605755091231859
1353.0,0.6067646505709549
1354.0,0.5712460738283328
1355.0,0.5589700784014365
1356.0,0.597052661905281
1357.0,0.6221086642801881
1358.0,0.650938463048889
1359.0,0.6620111508418179
1360.0,0.6766028463115726
1361.0,0.6863231041927829
1362.0,0.6918098593317195
1363.0,0.6983178860500454
1364.0,0.7034212588994929
1365.0,0.6997905564031646
1366.0,0.6839472349916712
1367.0,0.6256682758246598
1368.0,0.6095595136336915
1369.0,0.6273809056622642
1370.0,0.6500612012660787
1371.0,0.6499223243370801
1372.0,0.6480025397732393
1373.0,0.650499741402857
1374.0,0.6569096629998459
1375.0,0.6537814743116869
1376.0,0.6699905387599461
1377.0,0.6653928010820519
1378.0,0.6431260792178964
1379.0,0.6372527233723553
1380.0,0.6226508950741596
1381.0,0.6252655284164534
1382.0,0.6247034426891572
1383.0,0.6242230010516876
1384.0,0.649747746210489
1385.0,0.6406704093001486
1386.0,0.6481551719185228
1387.0,0.6541388083802626
1388.0,0.6541690481316718
1389.0,0.6492366583954259
1390.0,0.6416879155764045
1391.0,0.6389726048508096
1392.0,0.6452575816111757
1393.0,0.6550951668647216
1394.0,0.650543418793889
1395.0,0.6429520258165229
1396.0,0.6414383899910414
1397.0,0.6381293521364604
1398.0,0.6365976067356284
1399.0,0.6394199195150346
1400.0,0.6365833096508181
1401.0,0.6260379197263293
1402.0,0.6212989490544449
1403.0,0.6143839737561752
1404.0,0.6148662457024122
1405.0,0.6108969606006494
1406.0,0.6116502416345003
1407.0,0.6110797872936129
1408.0,0.6176633574788295
1409.0,0.603822409730758
1410.0,0.5941403349714923
1411.0,0.5905614188823176
1412.0,0.5970761693506563
1413.0,0.6111042336646655
1414.0,0.6252115663480721
1415.0,0.637144035490415
1416.0,0.6290957932262352
1417.0,0.6244396677033217
1418.0,0.6289596367613554
1419.0,0.6314263349476121
1420.0,0.640082919116751
1421.0,0.6381353633221593
1422.0,0.6428752740571437
1423.0,0.6407563268338333
1424.0,0.650001628802003
1425.0,0.6427664627637967
1426.0,0.6401029388851596
1427.0,0.6301486151064651
1428.0,0.6006767695943733
1429.0,0.5704231606936171
1430.0,0.5423550255608479
1431.0,0.5289661457389739
1432.0,0.5050609717894469
1433.0,0.533115578355594
1434.0,0.5577123972391017
1435.0,0.5853240409443516
1436.0,0.5994183275050754
1437.0,0.606618229168409
1438.0,0.5961274893151861
1439.0,0.5930959201475685
1440.0,0.5987265971110955
1441.0,0.604282999542052
1442.0,0.6177065833368963
1443.0,0.6375746741606506
1444.0,0.6344759198702573
1445.0,0.6368958145101923
1446.0,0.6407429124872238
1447.0,0.6460124093574668
1448.0,0.6408415143463274
1449.0,0.623685564861185
1450.0,0.5756827674039684
1451.0,0.556953868749187
1452.0,0.5383432555640784
1453.0,0.554923040537988
1454.0,0.5788607291978696
1455.0,0.5880685008414223
1456.0,0.5950123279544166
1457.0,0.5892375564374914
1458.0,0.5745434902271812
1459.0,0.552875491206541
1460.0,0.5579587389918355
1461.0,0.5647601656812198
1462.0,0.5611902591284591
1463.0,0.5858194694691736
1464.0,0.6036663451053199
1465.0,0.6165564388569726
1466.0,0.6199559524920901
1467.0,0.6132213553831953
1468.0,0.6065506831196672
1469.0,0.6005306357150927
1470.0,0.6031952923095497
1471.0,0.6055436946153857
1472.0,0.6087555229161111
1473.0,0.6106382682211007
1474.0,0.6102910448800422
1475.0,0.6155520094266759
1476.0,0.6145469493039162
1477.0,0.6055379998788857
1478.0,0.6098881493408402
1479.0,0.6101706169577369
1480.0,0.605721842811573
1481.0,0.6063412708154569
1482.0,0.6028580812641648
1483.0,0.6055107978274047
1484.0,0.6083998351525629
1485.0,0.6136687967247644
1486.0,0.6029542232718408
1487.0,0.6277520236487895
1488.0,0.6237801798731315
1489.0,0.6223111549172199
1490.0,0.6234779139201374
1491.0,0.6287239460114864
1492.0,0.6318036490363648
1493.0,0.638508704115667
1494.0,0.6316538096140576
1495.0,0.6297259158004828
1496.0,0.6271611410524263
1497.0,0.62373702481997
1498.0,0.6014315390664197
1499.0,0.5971174396257958
1500.0,0.6059778038103414
1501.0,0.608838946246181
1502.0,0.6069233903312699
1503.0,0.6099749912437153
1504.0,0.6088836684059451
1505.0,0.6065318747846754
1506.0,0.6055359733015224
1507.0,0.6052283523520113
1508.0,0.6088608718083942
1509.0,0.6085726390941749
1510.0,0.6096330596353391
1511.0,0.6099376736872488
1512.0,0.6120219620145009
1513.0,0.61584954584515
1514.0,0.6135322293676213
1515.0,0.6210140220446311
1516.0,0.6205239101603024
1517.0,0.6269298145459749
1518.0,0.631344812854844
1519.0,0.6310518571415419
1520.0,0.6364663465450959
1521.0,0.6342893920047203
1522.0,0.6360100352189937
1523.0,0.6449382452056506
1524.0,0.6483737698489617
1525.0,0.6494883446773494
1526.0,0.6512723314583028
1527.0,0.6532529734305624
1528.0,0.6527612779696772
1529.0,0.6506396778606506
1530.0,0.6551201148956064
1531.0,0.6545397161920271
1532.0,0.6634625792262769
1533.0,0.6685246086509868
1534.0,0.6674080337567778
1535.0,0.6717620945544882
1536.0,0.641548097239017
1537.0,0.6123987108815281
1538.0,0.5899071565568823
1539.0,0.5690710674172795
1540.0,0.565985730587843
1541.0,0.5870726715571614
1542.0,0.5838277770321927
1543.0,0.5763738802693981
1544.0,0.5903710320840005
1545.0,0.5956345070406176
1546.0,0.5817368633845982
1547.0,0.5736523767620343
1548.0,0.5733815505995218
1549.0,0.5596191607376986
1550.0,0.5531217961086501
1551.0,0.549408089696254
1552.0,0.5723880261828288
1553.0,0.5861029147559258
1554.0,0.5920674929510656
1555.0,0.6131175459779785
1556.0,0.616239148217916
1557.0,0.6080506884211588
1558.0,0.6052404952643489
1559.0,0.6054689391452225
1560.0,0.6064864553714779
1561.0,0.6075477077448255
1562.0,0.6143050282864932
1563.0,0.6095562042162755
1564.0,0.6132099110351051
1565.0,0.616694863950316
1566.0,0.6120465235569832
1567.0,0.6149667489269207
1568.0,0.6162633072764839
1569.0,0.6128509188550462
1570.0,0.6054808042272061
1571.0,0.5704433668119325
1572.0,0.5469833679167867
1573.0,0.5443828151901352
1574.0,0.5430674063252049
1575.0,0.5469558976499728
1576.0,0.5532040404353828
1577.0,0.5633362486239909
1578.0,0.5695995787877438
1579.0,0.576110408514774
1580.0,0.5857405567748425
1581.0,0.6081424800752615
1582.0,0.6473506127718397
1583.0,0.664343995097918
1584.0,0.6928268863231466
1585.0,0.7033028721338774
1586.0,0.7206917776394843
1587.0,0.7236150935603503
1588.0,0.7272254463055581
1589.0,0.7281750137245377
1590.0,0.7331269666890895
1591.0,0.736656690432584
1592.0,0.7412248371575645
1593.0,0.7601975729263833
1594.0,0.7689523372832703
1595.0,0.7724712650371747
1596.0,0.7724752750582685
1597.0,0.7739718853770594
1598.0,0.7554200834029177
1599.0,0.7225147670845153
1600.0,0.6794971184174021
1601.0,0.6764815932879921
1602.0,0.6773017109631114
1603.0,0.6601259972948925
1604.0,0.6435231767779603
1605.0,0.6389651881978178
1606.0,0.6431704002599833
1607.0,0.6367082294731211
1608.0,0.6407934952292073
1609.0,0.6419670324370474
1610.0,0.6449455944512524
1611.0,0.6441910255805602
1612.0,0.6351639901434133
1613.0,0.6376403800444088
1614.0,0.6365879805351761
1615.0,0.6251858350338408
1616.0,0.6119543699235205
1617.0,0.615852246973799
1618.0,0.6524480312872223
1619.0,0.703606562240772
1620.0,0.7312628506652729
1621.0,0.7521629614534624
1622.0,0.7563799307343569
1623.0,0.7697409761377646
1624.0,0.7703080335727728
1625.0,0.7822396515108195
1626.0,0.7793578562431995
1627.0,0.7841529996763038
1628.0,0.7930364162079571
1629.0,0.7950383953609282
1630.0,0.7949576226049948
1631.0,0.7964228470709575
1632.0,0.7952465388517994
1633.0,0.7933739527534377
1634.0,0.7939472986639333
1635.0,0.7967263898896351
1636.0,0.8014805579453707
1637.0,0.7948448754034584
1638.0,0.795931360067004
1639.0,0.7974453455118222
1640.0,0.8053376509436391
1641.0,0.8087448361308222
1642.0,0.8085755549682315
1643.0,0.803492824625759
1644.0,0.7734180198122471
1645.0,0.7332026672827158
1646.0,0.6813504974811911
1647.0,0.6816194363869007
1648.0,0.6960443900221135
1649.0,0.7238531986080363
1650.0,0.7224407195238902
1651.0,0.7368205939988165
1652.0,0.7310077538184466
1653.0,0.7270871761983628
1654.0,0.6988156955590675
1655.0,0.6392857530115785
1656.0,0.6116290706136194
1657.0,0.6072542497449233
1658.0,0.6025069919718652
1659.0,0.5942233104405558
1660.0,0.5940449234732925
1661.0,0.5974020801109172
1662.0,0.590894060086133
1663.0,0.5967829369437977
1664.0,0.6041554652060436
1665.0,0.6120255456209126
1666.0,0.6195830026501318
1667.0,0.6301442726108679
1668.0,0.6268815578028204
1669.0,0.619957767347758
1670.0,0.6146928772285603
1671.0,0.6225351637133394
1672.0,0.6281117624406364
1673.0,0.6639661442808983
1674.0,0.6713220975198224
1675.0,0.6823017521941239
1676.0,0.6680966735185624
1677.0,0.6632895711502548
1678.0,0.6493616805681967
1679.0,0.6486459196259075
1680.0,0.6508913837259982
1681.0,0.6450227640671277
1682.0,0.6464598378394183
1683.0,0.6351265936828955
1684.0,0.6058167992566171
1685.0,0.5990325747294898
1686.0,0.5938983839599513
1687.0,0.5965967131012578
1688.0,0.6133114910394679
1689.0,0.5842151953831572
1690.0,0.5674090059968508
1691.0,0.5349004024491268
1692.0,0.5246861416284385
1693.0,0.545219316083313
1694.0,0.5784325613799124
1695.0,0.5918035353055111
1696.0,0.5722952521541795
1697.0,0.5648678326059418
1698.0,0.5717574821533788
1699.0,0.6013187396430999
1700.0,0.6080734881792635
1701.0,0.6103890850070461
1702.0,0.6174156819565182
1703.0,0.629624869867895
1704.0,0.621336880292947
1705.0,0.6259515017244937
1706.0,0.617595546266718
1707.0,0.6162273785487973
1708.0,0.6155894874269843
1709.0,0.6108988658087676
1710.0,0.6140201102279571
1711.0,0.6116953005144357
1712.0,0.6071457460824929
1713.0,0.6022959452536948
1714.0,0.5982523841685816
1715.0,0.596674275721618
1716.0,0.5866268592503875
1717.0,0.5764991289465619
1718.0,0.5755771090342411
1719.0,0.5705388396760595
1720.0,0.5616934761717303
1721.0,0.55017361175225
1722.0,0.5746926176804033
1723.0,0.5771470754557809
1724.0,0.5764917540747054
1725.0,0.5756177795623606
1726.0,0.5702283611305967
1727.0,0.5543371801464034
1728.0,0.5293889482069448
1729.0,0.5105559509222741
1730.0,0.5123716215696345
1731.0,0.5119310454292489
1732.0,0.5396319692501456
1733.0,0.5709361358556179
1734.0,0.5700321921724383
1735.0,0.5715778197403325
1736.0,0.5806750809094254
1737.0,0.5833079062663471
1738.0,0.5831148772965259
1739.0,0.568629884896818
1740.0,0.5684495295535915
1741.0,0.5429123771041915
1742.0,0.5247541935168428
1743.0,0.510796135112781
1744.0,0.49976602792834096
1745.0,0.514318960147625
1746.0,0.5581765858816564
1747.0,0.5946685536277972
1748.0,0.5966743321779284
1749.0,0.5940198479858289
1750.0,0.5908254091699788
1751.0,0.5716796654922368
1752.0,0.5342605418082204
1753.0,0.5373938078078984
1754.0,0.5368821033553917
1755.0,0.5369492125018728
1756.0,0.5869955473200773
1757.0,0.5870676605578904
1758.0,0.5568859933884515
1759.0,0.5832858786860496
1760.0,0.6140727743427031
1761.0,0.6230312657710044
1762.0,0.6481612668930617
1763.0,0.6724765488093407
1764.0,0.6700100422634548
1765.0,0.6626825982307205
1766.0,0.6492923567308192
1767.0,0.6448441862176192
1768.0,0.64515889992708
1769.0,0.6461255657786502
1770.0,0.6381577913475995
1771.0,0.642190559419615
1772.0,0.6411477065925267
1773.0,0.6280583843096581
1774.0,0.6204508008002213
1775.0,0.608355884603801
1776.0,0.5873536883274062
1777.0,0.596232089202982
1778.0,0.5867077343816689
1779.0,0.5682762268411468
1780.0,0.546840199652264
1781.0,0.5427853993057902
1782.0,0.5280173942159829
1783.0,0.5254729007922255
1784.0,0.5103538392081569
1785.0,0.5264064424307924
1786.0,0.5624844645008344
1787.0,0.5831970826108743
1788.0,0.5989498899253072
1789.0,0.6131162603310087
1790.0,0.6230602179770482
1791.0,0.6231694308497072
1792.0,0.6161148004989377
1793.0,0.6286716957883374
1794.0,0.613104385537734
1795.0,0.5949491174181721
1796.0,0.5761211939039392
1797.0,0.5341565256271361
1798.0,0.5269674798745584
1799.0,0.5243172337300585
1800.0,0.5326449192504709
1801.0,0.544547195969912
1802.0,0.567806730707641
1803.0,0.564290731785962
1804.0,0.5504463913875995
1805.0,0.5178485298415212
1806.0,0.5360416594993972
1807.0,0.557335008784691
1808.0,0.5746230609698804
1809.0,0.5877356544240838
1810.0,0.5881378689045959
1811.0,0.5858528222264964
1812.0,0.587131569570358
1813.0,0.5966972354629081
1814.0,0.594275999572731
1815.0,0.589130222546388
1816.0,0.5842372522848783
1817.0,0.5959171851266258
1818.0,0.5820794379294957
1819.0,0.5696715597411909
1820.0,0.5647145340436709
1821.0,0.5715120450003595
1822.0,0.5798835097543725
1823.0,0.588050951783597
1824.0,0.5866247636187001
1825.0,0.5723758830452824
1826.0,0.5526906386462543
1827.0,0.5522230422684911
1828.0,0.5010198234727188
1829.0,0.5236938987357189
1830.0,0.5702440021224102
1831.0,0.5811346295242479
1832.0,0.5803566698021433
1833.0,0.579247036104786
1834.0,0.578427767734765
1835.0,0.5793946863834105
1836.0,0.5762340242705984
1837.0,0.5744677762702026
1838.0,0.5671697869914201
1839.0,0.5829193352901895
1840.0,0.593124103540437
1841.0,0.6071686592898281
1842.0,0.620118785560524
1843.0,0.6170620293697915
1844.0,0.6202982413063203
1845.0,0.617762992470905
1846.0,0.6122094536257197
1847.0,0.5956434963182228
1848.0,0.5880184951443653
1849.0,0.5754124945813721
1850.0,0.5853512415676235
1851.0,0.5866575480572491
1852.0,0.5959228464026075
1853.0,0.5999089853531498
1854.0,0.6072913411621234
1855.0,0.601576712269608
1856.0,0.5904391040683683
1857.0,0.5735374284878934
1858.0,0.5744377627942885
1859.0,0.5827398470032761
1860.0,0.5995550318052824
1861.0,0.6192171399538726
1862.0,0.6233681383471115
1863.0,0.625562936983518
1864.0,0.6141872496280832
1865.0,0.6087429764398647
1866.0,0.6031650228555663
1867.0,0.6077845439202522
1868.0,0.6073506300175024
1869.0,0.6077587590108633
1870.0,0.6041853602500818
1871.0,0.6025928897829612
1872.0,0.6044543370321368
1873.0,0.6014911696535576
1874.0,0.601997431954831
1875.0,0.6056484470502219
1876.0,0.5984320750791269
1877.0,0.5942983083935353
1878.0,0.5808612391068679
1879.0,0.5599635777391767
1880.0,0.521921137228145
1881.0,0.5022478776302138
1882.0,0.5103391195257114
1883.0,0.5648026995262688
1884.0,0.5795460112194283
1885.0,0.577371068098976
1886.0,0.5846041991232597
1887.0,0.5784425647163404
1888.0,0.5859122892037175
1889.0,0.5750798218523812
1890.0,0.5635816826080136
1891.0,0.5542895839648239
1892.0,0.5430046562382728
1893.0,0.5764957141372695
1894.0,0.5734085028860132
1895.0,0.564623687039346
1896.0,0.5500797167693762
1897.0,0.5450033141108472
1898.0,0.5409474770462714
1899.0,0.5267689231933321
1900.0,0.48877017166545295
1901.0,0.46741437533186964
1902.0,0.4483021106112841
1903.0,0.4775787712488829
1904.0,0.5120847049436942
1905.0,0.5362343866165739
1906.0,0.5736811479663438
1907.0,0.5888529804016033
1908.0,0.6115347675024876
1909.0,0.607820942412643
1910.0,0.5982481923629754
1911.0,0.5906313213103843
1912.0,0.5950442006421569
1913.0,0.598562183904834
1914.0,0.5978695853499657
1915.0,0.5946591188795651
1916.0,0.5956209305214383
1917.0,0.5998951385533043
1918.0,0.5959875743118079
1919.0,0.5905747724459783
1920.0,0.5870993392147654
1921.0,0.5875443647376011
1922.0,0.5491496806517849
1923.0,0.47563868561959555
1924.0,0.45064739852942454
1925.0,0.45468611646142726
1926.0,0.4803190178997269
1927.0,0.5653127502573485
1928.0,0.5656871705126978
1929.0,0.5567992812129968
1930.0,0.5374285058487394
1931.0,0.549446075358417
1932.0,0.5744940091118733
1933.0,0.5840359592929951
1934.0,0.5824952591596653
1935.0,0.5859071230452432
1936.0,0.593336388091769
1937.0,0.5938207588646589
1938.0,0.5954191683915907
1939.0,0.5952369621646021
1940.0,0.5914379472471193
1941.0,0.5945668790383382
1942.0,0.5962092090969873
1943.0,0.5881233040520244
1944.0,0.5790325127238265
1945.0,0.569561697768924
1946.0,0.5465614358959959
1947.0,0.5209162990225756
1948.0,0.47391732213986765
1949.0,0.47394446086978553
1950.0,0.4876074104797512
1951.0,0.510217181570742
1952.0,0.5387477312824385
1953.0,0.5630727416099058
1954.0,0.5718383467169129
1955.0,0.5751862073328202
1956.0,0.5908566863305847
1957.0,0.5865216195344045
1958.0,0.5893552444387777
1959.0,0.5940484012351653
1960.0,0.5873190817488144
1961.0,0.5754740033579239
1962.0,0.5775081168889453
1963.0,0.5825699727688222
1964.0,0.5900627778719717
1965.0,0.584418290944712
1966.0,0.5705575904647345
1967.0,0.565056105601687
1968.0,0.5728230535600977
1969.0,0.5913185516575528
1970.0,0.5723552318160856
1971.0,0.5376000581433964
1972.0,0.5112036348327639
1973.0,0.5097538970506935
1974.0,0.545156752567278
1975.0,0.5571838282414866
1976.0,0.575909803125992
1977.0,0.5935905002095004
1978.0,0.5874001740399125
1979.0,0.5971300685066151
1980.0,0.6018507623215662
1981.0,0.580078844617767
1982.0,0.5555782130606813
1983.0,0.5613710307131193
1984.0,0.5460208436248958
1985.0,0.5580240394322185
1986.0,0.5684236131240701
1987.0,0.5848417288316682
1988.0,0.583096522758155
1989.0,0.5718950082088889
1990.0,0.5581402612722598
1991.0,0.5676056016272729
1992.0,0.5783833034353207
1993.0,0.581683825082787
1994.0,0.577402721451526
1995.0,0.5771426440166461
1996.0,0.5756323815180826
1997.0,0.590038015123414
1998.0,0.5898236874215532
1999.0,0.569163940742643
2000.0,0.5830626576891347
2001.0,0.6005396717759323
2002.0,0.6043543174272681
2003.0,0.6040387860506155
2004.0,0.6048993613060868
2005.0,0.6091033330845492
2006.0,0.6069210961222522
2007.0,0.598944206626989
2008.0,0.5955665107897458
2009.0,0.5937506682783414
2010.0,0.5895471904869617
2011.0,0.5931582073948408
2012.0,0.5885918146953885
2013.0,0.589868697091498
2014.0,0.5836456079986723
2015.0,0.5862865707269829
2016.0,0.587579057265059
2017.0,0.5860187864659386
2018.0,0.5850751773314526
2019.0,0.5819710653002147
2020.0,0.5885742765907037
2021.0,0.5977834723830681
2022.0,0.6122635354263881
2023.0,0.5957018033022973
2024.0,0.5783637915368416
2025.0,0.6080796548272032
2026.0,0.616310382354597
2027.0,0.6160604135705721
2028.0,0.6135033314740432
2029.0,0.6122122019504985
2030.0,0.6115458526673538
2031.0,0.6160859195304346
2032.0,0.6062306685515768
2033.0,0.6000657165913573
2034.0,0.6002077138470119
2035.0,0.6084306053902352
2036.0,0.5957340540123024
2037.0,0.5862875094299803
2038.0,0.5822582182829786
2039.0,0.583408439252623
2040.0,0.5522410202976955
2041.0,0.548811357671994
2042.0,0.5675416373531039
2043.0,0.579993545202443
2044.0,0.5847839754157963
2045.0,0.5822707892576029
2046.0,0.5796971616856993
2047.0,0.5810915289046948
2048.0,0.5792290825191642
2049.0,0.5795541828684092
2050.0,0.579187493685198
2051.0,0.5775431617516256
2052.0,0.5796917273809091
2053.0,0.5806173846148703
2054.0,0.5834799162913629
2055.0,0.584197498262376
2056.0,0.5831830183329212
2057.0,0.5885874650236398
2058.0,0.5993658592848726
2059.0,0.5996544478603711
2060.0,0.5962849862859438
2061.0,0.5854300970188239
2062.0,0.5829050114482133
2063.0,0.597222980428679
2064.0,0.6018489703377202
2065.0,0.6181161120568605
2066.0,0.6206256052213502
2067.0,0.6210197419682396
2068.0,0.6292182536383941
2069.0,0.6250603770949922
2070.0,0.6128095215263688
2071.0,0.5879685433240234
2072.0,0.5606243617673591
2073.0,0.5355243423348373
2074.0,0.5190456711174191
2075.0,0.5180157131640474
2076.0,0.5174518630246013
2077.0,0.5108473146935465
2078.0,0.49650726551559177
2079.0,0.49981273012659766
2080.0,0.523470633403991
2081.0,0.5706967426053156
2082.0,0.5955016242975204
2083.0,0.5874516675399565
2084.0,0.5826717265747948
2085.0,0.581951867717278
2086.0,0.5844314920833219
2087.0,0.5949270741581919
2088.0,0.5969814032145779
2089.0,0.5989416895244113
2090.0,0.593526951663247
2091.0,0.5943059596586558
2092.0,0.5966479296679056
2093.0,0.5963587120297532
2094.0,0.597157158454053
2095.0,0.5991227154138238
2096.0,0.5980861382603951
2097.0,0.5958148602590377
2098.0,0.5967518039160703
2099.0,0.6007854588999013
2100.0,0.6005039719354559
2101.0,0.6054319631120015
2102.0,0.5917926706564521
2103.0,0.6145424137603691
2104.0,0.6276226748422351
2105.0,0.6328363387775501
2106.0,0.6403387697093073
2107.0,0.6433242480986171
2108.0,0.6389793479385592
2109.0,0.6340489219418842
2110.0,0.6090904100798736
2111.0,0.5878085734612382
2112.0,0.5674017777205339
2113.0,0.5647927536456674
2114.0,0.5832581742783446
2115.0,0.597879250530985
2116.0,0.6222238460165239
2117.0,0.6244787445052206
2118.0,0.6192017100986563
2119.0,0.6230547388581303
2120.0,0.626472534654361
2121.0,0.6319260485725465
2122.0,0.640337529603711
2123.0,0.6431353562885208
2124.0,0.64545712019394
2125.0,0.6488178092543813
2126.0,0.6422811701163144
2127.0,0.6460899202756869
2128.0,0.657674852818206
2129.0,0.675222333066952
2130.0,0.6945255053334434
2131.0,0.7049756106252657
2132.0,0.7127730304327666
2133.0,0.7049343648916458
2134.0,0.685933872427628
2135.0,0.6565471835787979
2136.0,0.6506249016121392
2137.0,0.664926437296702
2138.0,0.6603636378494336
2139.0,0.6536442306350272
2140.0,0.654800856343566
2141.0,0.6425959179463473
2142.0,0.6123496583860748
2143.0,0.6113309202199492
2144.0,0.6139668168624183
2145.0,0.5914343123959567
2146.0,0.6108463205916814
2147.0,0.6268123713915937
2148.0,0.6302917584122463
2149.0,0.6249440400829513
2150.0,0.6255248637079035
2151.0,0.6149869341752795
2152.0,0.6052425431308193
2153.0,0.6074600306136533
2154.0,0.627622983601411
2155.0,0.6247300430514812
2156.0,0.6188945342631472
2157.0,0.6031118311927098
2158.0,0.5958473480921009
2159.0,0.6016131724509056
2160.0,0.5937961640026017
2161.0,0.5817868345074131
2162.0,0.5779462017446925
2163.0,0.5705012311696775
2164.0,0.5725192546129446
2165.0,0.5785454551708957
2166.0,0.5851023392670053
2167.0,0.597271597611312
2168.0,0.6132806531630046
2169.0,0.6131896053929772
2170.0,0.6058601995088198
2171.0,0.5932679860888787
2172.0,0.5972001431523459
2173.0,0.5606732315195224
2174.0,0.5698558081270021
2175.0,0.6002043631553968
2176.0,0.6004942014208917
2177.0,0.6081466743703273
2178.0,0.6052989343901986
2179.0,0.6073101984476862
2180.0,0.6037435678882829
2181.0,0.5847109171476098
2182.0,0.5629234606867974
2183.0,0.5612337185822147
2184.0,0.5571843035719386
2185.0,0.5740364471627944
2186.0,0.5868487998444142
2187.0,0.5942295049797224
2188.0,0.5949943062994465
2189.0,0.5799178108782346
2190.0,0.5284523248878199
2191.0,0.4821737163455708
2192.0,0.4576616924056774
2193.0,0.4395565689125479
2194.0,0.46136237356873
2195.0,0.4792670532587127
2196.0,0.5169250547530831
2197.0,0.5376698604263747
2198.0,0.5565889576801708
2199.0,0.5689181459135055
2200.0,0.5766512020597376
2201.0,0.5948673154560861
2202.0,0.5662808297026323
2203.0,0.5609893338776905
2204.0,0.5555620402369184
2205.0,0.5862464204521033
2206.0,0.577464757264825
2207.0,0.5770184930893649
2208.0,0.5780592831248441
2209.0,0.584560785605495
2210.0,0.5828998675042396
2211.0,0.5818305234761161
2212.0,0.5790963245162195
2213.0,0.582155796866219
2214.0,0.5737193186033103
2215.0,0.5611723498661292
2216.0,0.5755677236314055
2217.0,0.5827835890869033
2218.0,0.5855514805710149
2219.0,0.5841420905103611
2220.0,0.5968709293033121
2221.0,0.5877863343365849
2222.0,0.5558951645825003
2223.0,0.550110670238542
2224.0,0.5392158161563186
2225.0,0.5054149909323681
2226.0,0.5121875591016946
2227.0,0.558279593760094
2228.0,0.5722520766342157
2229.0,0.5761468941044823
2230.0,0.586821686409732
2231.0,0.593102231604308
2232.0,0.5965511297307183
2233.0,0.6015289208845493
2234.0,0.6051626589023195
2235.0,0.5867031241291775
2236.0,0.5833994391523275
2237.0,0.5780169042467086
2238.0,0.570023698389079
2239.0,0.5690354946101748
2240.0,0.581530656540524
2241.0,0.5898240861925248
2242.0,0.5784506499572638
2243.0,0.575378541880984
2244.0,0.576930220293583
2245.0,0.5703948110773296
2246.0,0.5615017897090002
2247.0,0.5683604047240255
2248.0,0.5612840837779675
2249.0,0.5554829357140789
2250.0,0.5570681099068969
2251.0,0.5636459455282913
2252.0,0.5658563524144651
2253.0,0.5739839010171522
2254.0,0.5698905726201425
2255.0,0.5700960107289421
2256.0,0.5777853258520895
2257.0,0.5772468314393143
2258.0,0.5758618028463867
2259.0,0.5988768375558745
2260.0,0.5801438628058091
2261.0,0.599758762804743
2262.0,0.6240173685324686
2263.0,0.622054426353316
2264.0,0.6182266200571064
2265.0,0.6187743379239895
2266.0,0.620745285944731
2267.0,0.6212985390652823
2268.0,0.6027552490085698
2269.0,0.593267435980099
2270.0,0.5831284943318622
2271.0,0.5886246035453029
2272.0,0.5974676445826503
2273.0,0.5805933458141138
2274.0,0.562129692957086
2275.0,0.5460923673817529
2276.0,0.5709084309471707
2277.0,0.5940235921402341
2278.0,0.5962424135845923
2279.0,0.6006488452106087
2280.0,0.6037940658385202
2281.0,0.5986369912389412
2282.0,0.5922487970460828
2283.0,0.5898787633377206
2284.0,0.588186882905042
2285.0,0.5855579752194487
2286.0,0.5914047328066422
2287.0,0.5900059303510442
2288.0,0.5880279583089553
2289.0,0.5920198248833128
2290.0,0.602392968918611
2291.0,0.6003432497567806
2292.0,0.6105211383209691
2293.0,0.6054979753540862
2294.0,0.6045409972584589
2295.0,0.594727992278057
2296.0,0.5954503863139068
2297.0,0.590743193633573
2298.0,0.5248650423914007
2299.0,0.49635362852397985
2300.0,0.5068536488282833
2301.0,0.5530352721936123
2302.0,0.5733261269130613
2303.0,0.5833046978339647
2304.0,0.5815704569324991
2305.0,0.5904128394889018
2306.0,0.6012182390501739
2307.0,0.5977861832970724
2308.0,0.5932488770693853
2309.0,0.5829456177250365
2310.0,0.586035639993441
2311.0,0.5756108402374223
2312.0,0.5734380490923446
2313.0,0.5705221713393865
2314.0,0.576018420113481
2315.0,0.5700118447574275
2316.0,0.5651738709324102
2317.0,0.5579122553963394
2318.0,0.5601347520623455
2319.0,0.5547749298086933
2320.0,0.5599033395835159
2321.0,0.5659331927731956
2322.0,0.5752281540171751
2323.0,0.5889882075197487
2324.0,0.5954837205069131
2325.0,0.5999020339158864
2326.0,0.5877807144841948
2327.0,0.5719948642321407
2328.0,0.5700688735609525
2329.0,0.5687269590002769
2330.0,0.5722424793412887
2331.0,0.5613515807881561
2332.0,0.5525492406841596
2333.0,0.5500686052546108
2334.0,0.5374592251378727
2335.0,0.5369942305599859
2336.0,0.548134551581684
2337.0,0.5397817423119805
2338.0,0.5446626328752279
2339.0,0.5565181720615382
2340.0,0.556145325666152
2341.0,0.5560994345275847
2342.0,0.5602586090196129
2343.0,0.5696627454547479
2344.0,0.5688238503539053
2345.0,0.561862714876784
2346.0,0.573278803505935
2347.0,0.5698555548157022
2348.0,0.569048052510611
2349.0,0.5801242819770023
2350.0,0.5680988951747258
2351.0,0.5662924725208883
2352.0,0.5718084681653494
2353.0,0.5670591211952699
2354.0,0.5680030583845639
2355.0,0.5818771913297546
2356.0,0.5625002925092555
2357.0,0.5646111336666632
2358.0,0.590519920730384
2359.0,0.5774104856211454
2360.0,0.5766331611575113
2361.0,0.5721947167710822
2362.0,0.5752735797627683
2363.0,0.572896910092296
2364.0,0.5731625888685807
2365.0,0.5737365017151631
2366.0,0.57733046333092
2367.0,0.5798867824613817
2368.0,0.5990904652998538
2369.0,0.5736849368114275
2370.0,0.5705370489571401
2371.0,0.5656517477051948
2372.0,0.5797503686703996
2373.0,0.5962965290903766
2374.0,0.5792309983078842
2375.0,0.5576028512591945
2376.0,0.5630937415048143
2377.0,0.5587875340721339
2378.0,0.569668935850532
2379.0,0.5885153314354831
2380.0,0.6071649050760793
2381.0,0.5884633180749779
2382.0,0.5879742408903336
2383.0,0.5689671023958376
2384.0,0.5564814211319331
2385.0,0.567320414391955
2386.0,0.5384876285261437
2387.0,0.549472101727299
2388.0,0.5561207599839723
2389.0,0.5769891128240953
2390.0,0.589883905424961
2391.0,0.6010310630046974
2392.0,0.6016427823729649
2393.0,0.6061455806816443
2394.0,0.610179407918983
2395.0,0.607348388587278
2396.0,0.6140864138552271
2397.0,0.5755930382327037
2398.0,0.5624446455684831
2399.0,0.5807758708081052
2400.0,0.6034595573776664
2401.0,0.5863580517116964
2402.0,0.5756627534256947
2403.0,0.5733859916395802
2404.0,0.5664413734368702
2405.0,0.572246751906369
2406.0,0.5460835616735331
2407.0,0.5542961834913245
2408.0,0.5454918681180979
2409.0,0.5536849349358751
2410.0,0.5712060741993321
2411.0,0.5765611387597701
2412.0,0.5856690910291596
2413.0,0.5860389618892552
2414.0,0.5564720469504256
2415.0,0.5552297271654315
2416.0,0.5658972073936345
2417.0,0.5625956152504814
2418.0,0.5688424296614032
2419.0,0.5730489297101236
2420.0,0.5715566576744633
2421.0,0.58612145330401
2422.0,0.5994640112195179
2423.0,0.5995689862951649
2424.0,0.5694942726451648
2425.0,0.5782736475854547
2426.0,0.5446131054530197
2427.0,0.5673726950209166
2428.0,0.5860502291061351
2429.0,0.580333605371413
2430.0,0.5843733224558797
2431.0,0.585039386624698
2432.0,0.5915350272189382
2433.0,0.5648951963840728
2434.0,0.5359887177516335
2435.0,0.5106100382885463
2436.0,0.5052221761652228
2437.0,0.5384359830325184
2438.0,0.5703173617893869
2439.0,0.5682607244816985
2440.0,0.5607606587425571
2441.0,0.5571375202783295
2442.0,0.5525601308313091
2443.0,0.5466858961120004
2444.0,0.5555793700213549
2445.0,0.568488184585377
2446.0,0.57361496292977
2447.0,0.5799220699518862
2448.0,0.5770154288861876
2449.0,0.5767507682627353
2450.0,0.579451667265808
2451.0,0.5792591735840888
2452.0,0.5761462182887125
2453.0,0.5727592100814273
2454.0,0.5677400582457331
2455.0,0.5676838530904332
2456.0,0.563827236035046
2457.0,0.559902308512308
2458.0,0.5612225776903812
2459.0,0.5620803694009447
2460.0,0.5722312749439802
2461.0,0.5788939616050718
2462.0,0.5779779732520883
2463.0,0.584833724052709
2464.0,0.593572826767777
2465.0,0.5938185188891867
2466.0,0.5990361812605207
2467.0,0.5946122645979992
2468.0,0.5943560587656899
2469.0,0.5936632526543366
2470.0,0.5963830425336575
2471.0,0.5991581192936707
2472.0,0.5960444447904232
2473.0,0.5884154819275036
2474.0,0.5903785946178226
2475.0,0.5868713542129306
2476.0,0.5752007188873387
2477.0,0.5433991412235359
2478.0,0.5298065014441371
2479.0,0.5361354592976266
2480.0,0.5492176083582763
2481.0,0.5370481677486431
2482.0,0.5358774299304877
2483.0,0.5534058268648883
2484.0,0.5898022465485092
2485.0,0.587607350964904
2486.0,0.5878640337801068
2487.0,0.5869892063786659
2488.0,0.5866650931642298
2489.0,0.5710789171678241
2490.0,0.5789013723053985
2491.0,0.5931745980491437
2492.0,0.5969354009751726
2493.0,0.5872667685419846
2494.0,0.5799683634621764
2495.0,0.5680167605699675
2496.0,0.5498976770646532
2497.0,0.5421325740199824
2498.0,0.5334947383812123
2499.0,0.5264470912724559
2500.0,0.5401576095350432
2501.0,0.5429231460591645
2502.0,0.5510666229475206
2503.0,0.564319659821009
2504.0,0.5653262406822323
2505.0,0.5626836794107227
2506.0,0.5721537526493276
2507.0,0.5771506346479163
2508.0,0.5849151309199366
2509.0,0.5953345047004434
2510.0,0.5963890717507638
2511.0,0.5913123028377386
2512.0,0.5915975815402937
2513.0,0.5820846574874353
2514.0,0.5364625342451061
2515.0,0.5172492175106942
2516.0,0.560919949701588
2517.0,0.5752959015330682
2518.0,0.576733079577105
2519.0,0.5587541203448113
2520.0,0.551123245826899
2521.0,0.5409816874939561
2522.0,0.5378603351800156
2523.0,0.5286101707018331
2524.0,0.509388047529401
2525.0,0.5246385716881362
2526.0,0.5139407303182071
2527.0,0.5338770197391404
2528.0,0.5590174436791185
2529.0,0.5573220162455103
2530.0,0.5540491438157505
2531.0,0.5545380815897323
2532.0,0.5572941359698182
2533.0,0.5581527354556437
2534.0,0.552000194827801
2535.0,0.5659307955223268
2536.0,0.5751142934084683
2537.0,0.5837510168932176
2538.0,0.5794279515694144
2539.0,0.5803848648361096
2540.0,0.5752749310924343
2541.0,0.5722783494034761
2542.0,0.5649163164281642
2543.0,0.5689235345902179
2544.0,0.5713388982452032
2545.0,0.5766288697120877
2546.0,0.5772851350995749
2547.0,0.5755074258476208
2548.0,0.5486426631058947
2549.0,0.5387934646531016
2550.0,0.5496073408037739
2551.0,0.5706032896508844
2552.0,0.5736724118738
2553.0,0.5761145004372662
2554.0,0.5784693538508309
2555.0,0.5783263144188096
2556.0,0.5804480098932702
2557.0,0.581635731000644
2558.0,0.5815574216732772
2559.0,0.5880094398124485
2560.0,0.5812027509152458
2561.0,0.5731999201305767
2562.0,0.5513142960856686
2563.0,0.5664702737388939
2564.0,0.5649126360909668
2565.0,0.5640987909088311
2566.0,0.5708019435144925
2567.0,0.5863877472426086
2568.0,0.6072249837920836
2569.0,0.6147776703914009
2570.0,0.6250319828547591
2571.0,0.639934692264896
2572.0,0.6699159713670808
2573.0,0.6783743760213246
2574.0,0.7030353362455611
2575.0,0.7226061977043258
2576.0,0.7428721899997561
2577.0,0.7644677769619468
2578.0,0.7814250169396036
2579.0,0.7910386672937311
2580.0,0.7937858742333098
2581.0,0.7964150796764198
2582.0,0.7956573139256555
2583.0,0.7985676934885636
2584.0,0.7926840805405059
2585.0,0.8021550494030385
2586.0,0.7964747458240526
2587.0,0.8003917767960836
2588.0,0.7902567117505781
2589.0,0.788843956085155
2590.0,0.7984430317889463
2591.0,0.7985524593267576
2592.0,0.8022863007987749
2593.0,0.7956431228497891
2594.0,0.7911554003522823
2595.0,0.7944873346111982
2596.0,0.8020502281749454
2597.0,0.8041250329694954
2598.0,0.7989114652457986
2599.0,0.795251805036068
2600.0,0.7907545331842538
2601.0,0.7993614288701009
2602.0,0.8013457988317378
2603.0,0.7997090567778018
2604.0,0.7963921735493923
2605.0,0.7934673515861026
2606.0,0.7846143477507117
2607.0,0.7699409858217021
2608.0,0.7472533401917298
2609.0,0.7249708149661818
2610.0,0.7011616100754258
2611.0,0.6722186180261573
2612.0,0.6733245008538599
2613.0,0.6741451810400174
2614.0,0.6947258267554204
2615.0,0.6977292208100823
2616.0,0.7089081000572902
2617.0,0.7427245835000568
2618.0,0.766706866507359
2619.0,0.7824468935136011
2620.0,0.7868894682982687
2621.0,0.7923762468772493
2622.0,0.7966071156400021
2623.0,0.7996801207816457
2624.0,0.798437961302951
2625.0,0.7954074246813609
2626.0,0.7943690154712912
2627.0,0.7964369922592519
2628.0,0.7958344737780206
2629.0,0.7987008236672254
2630.0,0.7896464280805418
2631.0,0.7673456986534274
2632.0,0.753138654884965
2633.0,0.7411634041818822
2634.0,0.7226738202489446
2635.0,0.7198971692669631
2636.0,0.7171358842796944
2637.0,0.7060152044791379
2638.0,0.7007801611309583
2639.0,0.6993740847099101
2640.0,0.7029176014045935
2641.0,0.7091859499034137
2642.0,0.7232810561197746
2643.0,0.7400931203177218
2644.0,0.7481522049522227
2645.0,0.7516307997897067
2646.0,0.7439091259931314
2647.0,0.7200019940920097
2648.0,0.6843164339293453
2649.0,0.6536334046439566
2650.0,0.6375338939032065
2651.0,0.6413677172998302
2652.0,0.6522529839528768
2653.0,0.669781889753924
2654.0,0.6813768434474041
2655.0,0.6946010592079793
2656.0,0.6898563705100005
2657.0,0.6818423163059842
2658.0,0.6670228075394613
2659.0,0.6567005755484824
2660.0,0.6514298829187656
2661.0,0.634915928040039
2662.0,0.6298657142076798
2663.0,0.6258536397345967
2664.0,0.619350792476221
2665.0,0.6054154842581809
2666.0,0.5796402285097908
2667.0,0.5814361244510269
2668.0,0.6141578509386
2669.0,0.6089181451795128
2670.0,0.6089276677543485
2671.0,0.6200028908708912
2672.0,0.6423869832898385
2673.0,0.6439761192612575
2674.0,0.6268190831598915
2675.0,0.6069050296998072
2676.0,0.6007153303514825
2677.0,0.5839297816930311
2678.0,0.6082819364878577
2679.0,0.619602522634651
2680.0,0.6263971760948669
2681.0,0.6335145131444678
2682.0,0.6333485678119538
2683.0,0.6344441239484688
2684.0,0.6361030110863253
2685.0,0.6294935953824703
2686.0,0.6294581931935378
2687.0,0.6359747165956632
2688.0,0.6266687663623144
2689.0,0.6005495504680135
2690.0,0.5878700162609036
2691.0,0.5939017577116714
2692.0,0.6023399623980545
2693.0,0.6079357173958081
2694.0,0.6030624382625686
2695.0,0.5991962692277607
2696.0,0.5962430050635608
2697.0,0.6143359971672986
2698.0,0.6292016925497036
2699.0,0.6426179772352745
2700.0,0.6198269976041882
2701.0,0.5904319266827581
2702.0,0.5989073945671863
2703.0,0.5867872489362241
2704.0,0.5919017069259882
2705.0,0.5863687913431067
2706.0,0.6011960912257396
2707.0,0.6166801478969598
2708.0,0.609989879552069
2709.0,0.6169550297750637
2710.0,0.6233729816476028
2711.0,0.6067796595642894
2712.0,0.6126845625027002
2713.0,0.6105653741058916
2714.0,0.6273954091175079
2715.0,0.6455086630040486
2716.0,0.6518761293698926
2717.0,0.6478818974016961
2718.0,0.636069974054569
2719.0,0.6461908912372835
2720.0,0.6324809860573686
2721.0,0.6213281524723939
2722.0,0.6210894625272134
2723.0,0.6194935888478599
2724.0,0.6244020812325995
2725.0,0.6173416134812355
2726.0,0.6233235079988059
2727.0,0.6217173216774732
2728.0,0.6193396331059586
2729.0,0.6061783980560069
2730.0,0.6135976064894457
2731.0,0.6138471080193828
2732.0,0.6173331187492986
2733.0,0.6168896802816202
2734.0,0.6148251675129424
2735.0,0.617004635800072
2736.0,0.6129477082247623
2737.0,0.6168666414536371
2738.0,0.6113590919435952
2739.0,0.6155725300660488
2740.0,0.6380418777048298
2741.0,0.611926348467893
2742.0,0.6288941006459559
2743.0,0.6275365839177719
2744.0,0.6146039424331206
2745.0,0.6154023958502458
2746.0,0.6121175334769209
2747.0,0.6110241298853121
2748.0,0.6258192420527161
2749.0,0.6427712360207596
2750.0,0.6343407689655657
2751.0,0.6210156929716607
2752.0,0.6134279278709172
2753.0,0.5581375059117949
2754.0,0.5164575115705011
2755.0,0.49074958321735473
2756.0,0.49440976617625626
2757.0,0.492048085894182
2758.0,0.49205609669027583
2759.0,0.5226409080312346
2760.0,0.5665523262147932
2761.0,0.5897012036015109
2762.0,0.6072135670514527
2763.0,0.6205804136516518
2764.0,0.6154544898271898
2765.0,0.6163528602288024
2766.0,0.6118052389813556
2767.0,0.6172108980658394
2768.0,0.6131158512941386
2769.0,0.6097403253043356
2770.0,0.6074151996134847
2771.0,0.6105534119059507
2772.0,0.6099036057472219
2773.0,0.6130322907085978
2774.0,0.6285225201504435
2775.0,0.617041085597988
2776.0,0.6564774564047415
2777.0,0.7062946707978371
2778.0,0.7532517101333401
2779.0,0.7761009772819271
2780.0,0.7800584781613142
2781.0,0.7926527850534473
2782.0,0.7885858899609877
2783.0,0.7945846213840443
2784.0,0.795267696737054
2785.0,0.798200239432819
2786.0,0.7921694167016357
2787.0,0.7975096822028643
2788.0,0.7937543994797033
2789.0,0.7984656361130491
2790.0,0.8045280902405274
2791.0,0.8069136173346396
2792.0,0.8035358025107825
2793.0,0.8028256869192992
2794.0,0.8029309111309555
2795.0,0.7988109998122899
2796.0,0.797242498167224
2797.0,0.802486960076474
2798.0,0.8072054206606928
2799.0,0.8036174979103933
2800.0,0.8029383128736081
2801.0,0.8096427802187148
2802.0,0.8068402436806764
2803.0,0.7991090094220948
2804.0,0.7910687654470662
2805.0,0.7934683418252639
2806.0,0.7917876344884206
2807.0,0.7784188762294962
2808.0,0.766058358304784
2809.0,0.7435571227207451
2810.0,0.7323366440224098
2811.0,0.7077086853657129
2812.0,0.7032024727394214
2813.0,0.7028479747564853
2814.0,0.7071807023140066
2815.0,0.7247536936462897
2816.0,0.7657300255917495
2817.0,0.7809495894067178
2818.0,0.7991958501365956
2819.0,0.8034382065651609
2820.0,0.805876681037264
2821.0,0.8028455211677029
2822.0,0.8010511073391255
2823.0,0.8043661221226523
2824.0,0.8044909834716141
2825.0,0.8001592123810845
2826.0,0.7989841620999535
2827.0,0.7893230433395622
2828.0,0.7775773745151234
2829.0,0.7958275531838462
2830.0,0.7985304409070382
2831.0,0.8010191738681025
2832.0,0.7919290199432419
2833.0,0.7834930289325122
2834.0,0.7781375200868156
2835.0,0.783071566351913
2836.0,0.7825581825630745
2837.0,0.784275554768369
2838.0,0.7808319051997764
2839.0,0.7817242909253364
2840.0,0.7830348642682561
2841.0,0.7848618808676251
2842.0,0.7817653804563516
2843.0,0.7742690371197495
2844.0,0.7838783000397499
2845.0,0.7815660169967102
2846.0,0.7815540043119034
2847.0,0.7794062155356875
2848.0,0.778824934427451
2849.0,0.7782771689263627
2850.0,0.7707842872732792
2851.0,0.7815325907023686
2852.0,0.7791717178635859
2853.0,0.7811450459927425
2854.0,0.7829348562923514
2855.0,0.7727551455377379
2856.0,0.7734352092311146
2857.0,0.7800582195548585
2858.0,0.7786359120943234
2859.0,0.7763036582455733
2860.0,0.7737222305021085
2861.0,0.7733081932446824
2862.0,0.7714433758689861
2863.0,0.7726788647522582
2864.0,0.7758785178377424
2865.0,0.7715367982239475
2866.0,0.7698724288225347
2867.0,0.7684805349348689
2868.0,0.7607193846610687
2869.0,0.7624715690903959
2870.0,0.7577922557365647
2871.0,0.766785110994159
2872.0,0.7811389142315357
2873.0,0.7302269059714963
2874.0,0.7290213834576796
2875.0,0.7387147373602366
2876.0,0.7306837005035264
2877.0,0.7008940782438061
2878.0,0.6834212888531204
2879.0,0.6916804410738269
2880.0,0.7124927395154275
2881.0,0.7228951303921562
2882.0,0.720375001677692
2883.0,0.7077242197134215
2884.0,0.6856369307704803
2885.0,0.6847283193483572
2886.0,0.6647842163263905
2887.0,0.6624836276682403
2888.0,0.6651826212481754
2889.0,0.6620270813418826
2890.0,0.6518753394232679
2891.0,0.6467733104462069
2892.0,0.6545709914474092
2893.0,0.6769261524305763
2894.0,0.7100163197954183
2895.0,0.7411676815578524
2896.0,0.7490420183027894
2897.0,0.7568519020616437
2898.0,0.7677961130869481
2899.0,0.7737646272020202
2900.0,0.7638307217490838
2901.0,0.7437646888120096
2902.0,0.7397235787050768
2903.0,0.7264351322897957
2904.0,0.7333892890435143
2905.0,0.7090347763640711
2906.0,0.7180632974632041
2907.0,0.7196739079513939
2908.0,0.7167670253969743
2909.0,0.7212739266481286
2910.0,0.7225255282483664
2911.0,0.7219280422991335
2912.0,0.7196157900722853
2913.0,0.7153550188219991
2914.0,0.7372772179800404
2915.0,0.7521418786000043
2916.0,0.7192914760226433
2917.0,0.6922502682051843
2918.0,0.687026875186595
2919.0,0.6649183821253488
2920.0,0.6616796571887572
2921.0,0.6318938293155354
2922.0,0.6544898812977342
2923.0,0.6890350000246148
2924.0,0.7152495062358042
2925.0,0.7087101204549414
2926.0,0.6893169349928631
2927.0,0.6807972774281694
2928.0,0.6776821137149293
2929.0,0.6784804800466422
2930.0,0.7003318873998867
2931.0,0.7383665628301076
2932.0,0.7129417313695652
2933.0,0.669044262218148
2934.0,0.6460819543093499
2935.0,0.6421679090864137
2936.0,0.6427332305385378
2937.0,0.6671585840036913
2938.0,0.6973222653165972
2939.0,0.7167349820304626
2940.0,0.7268909197375918
2941.0,0.7319169733358031
2942.0,0.7374292230324228
2943.0,0.7175861486638561
2944.0,0.6788210228934971
2945.0,0.6681317986371785
2946.0,0.645191985791932
2947.0,0.6332155834627158
2948.0,0.6252266926740171
2949.0,0.619345686557697
2950.0,0.6163662584280619
2951.0,0.602236411972266
2952.0,0.6088902302813833
2953.0,0.6367968491768012
2954.0,0.6954762659896585
2955.0,0.7325043167293581
2956.0,0.7514652354635859
2957.0,0.7512867873289389
2958.0,0.7511075509429879
2959.0,0.7530857947855215
2960.0,0.7470739164361913
2961.0,0.7425845032505923
2962.0,0.7383771405686069
2963.0,0.74600498599427
2964.0,0.7505624591910307
2965.0,0.7552449020493318
2966.0,0.7593591247616105
2967.0,0.7557141304224703
2968.0,0.7591094531330208
2969.0,0.7693944411569593
2970.0,0.7626117234936084
2971.0,0.7570694042097176
2972.0,0.7691091707264903
2973.0,0.7783584044367488
2974.0,0.7802566297586274
2975.0,0.7745362883729338
2976.0,0.7783701754632171
2977.0,0.7750830719769355
2978.0,0.7748612397102979
2979.0,0.7777573844744201
2980.0,0.7782272115941056
2981.0,0.7733126445115995
2982.0,0.7775301115052757
2983.0,0.7736589054774167
2984.0,0.7769759306940891
2985.0,0.7712431491777861
2986.0,0.778078189594848
2987.0,0.7742118742171652
2988.0,0.798443296853335
2989.0,0.7577867592101846
2990.0,0.7421994848454564
2991.0,0.7706755741890542
2992.0,0.7875967017539677
2993.0,0.8003472239331092
2994.0,0.7929777087579517
2995.0,0.7930932482921873
2996.0,0.7898875550121547
2997.0,0.7867792125924538
2998.0,0.7872374412240031
2999.0,0.7864857097868106
3000.0,0.7816100326378819
3001.0,0.7705304117920023
3002.0,0.7689454523212392
3003.0,0.7571189794353884
3004.0,0.7401993823290653
3005.0,0.7112499642170391
3006.0,0.6721498603135743
3007.0,0.6754910275403666
3008.0,0.6736047695970618
3009.0,0.6805349907144118
3010.0,0.6811434124015474
3011.0,0.6785478770260687
3012.0,0.6872737669655259
3013.0,0.6895945473054133
3014.0,0.6733718132591279
