station_id,lat,lon,date,label,Blue,Green,Red,NIR,SWIR1,SWIR2
03076571,48.702807141,2.204949711,2023-06-05,5.95,0.012331323698163033,0.013668226078152657,0.033459458500146866,0.0990796759724617,0.05879565700888634,0.027387380599975586
03178660,49.494454047,1.391297945,2023-06-05,2.4,0.012430637143552303,0.014108765870332718,0.03274517133831978,0.10385050624608994,0.06938391923904419,0.0321989543735981
03178520,49.489227259,1.473814241,2023-06-05,4.2,0.01303797122091055,0.012877542525529861,0.032463788986206055,0.09657777100801468,0.06269177049398422,0.0295671708881855
03180100,49.353519128,1.325227245,2023-06-05,2.5,0.006625938229262829,0.008949600160121918,0.029443664476275444,0.10044077038764954,0.05127972736954689,0.022113623097538948
03076283,48.700448911,2.118044337,2023-06-05,12.9,0.017290592193603516,0.017532506957650185,0.038397081196308136,0.09831829369068146,0.05217989906668663,0.026296216994524002
03178469,49.531003819,1.526030878,2023-06-05,23.0,0.014829419553279877,0.01544184796512127,0.034777261316776276,0.10721313208341599,0.06151147186756134,0.030755100771784782
03178348,49.538461384,1.507902968,2023-06-05,4.3,0.014826873317360878,0.015575539320707321,0.03531584516167641,0.10720039159059525,0.06012110412120819,0.02883378230035305
03125000,48.93678189,2.038835044,2023-06-05,2.6,0.01814620941877365,0.01719764620065689,0.041922684758901596,0.02057809568941593,0.01903492957353592,0.014500925317406654
03085000,48.988638724,2.082900235,2023-06-05,2.4,0.07859961688518524,0.06964875012636185,0.09465644508600235,0.10223986953496933,0.10209597647190094,0.08615884184837341
03076630,48.701050736,2.232979054,2023-06-05,3.93,0.012020653113722801,0.011577567085623741,0.033204808831214905,0.08232512325048447,0.050124894827604294,0.028279922902584076
03178835,49.489405915,1.32327277,2023-06-05,4.2,0.011530456133186817,0.01306216325610876,0.032437048852443695,0.103793203830719,0.06377656757831573,0.028781581670045853
03179000,49.444504817,1.383635171,2023-06-05,3.7,0.04934949427843094,0.04419032111763954,0.06572462618350983,0.11693941056728363,0.09407457709312439,0.061899811029434204
03179740,49.36770711,1.403547081,2023-06-05,3.0,0.011079729534685612,0.013571458868682384,0.033157702535390854,0.11071962118148804,0.06365051865577698,0.032407764345407486
03075913,48.701292073,2.012957048,2023-06-05,13.5,0.024951672181487083,0.023102931678295135,0.045390985906124115,0.08592329919338226,0.04720281437039375,0.027496881783008575
03112480,48.816895156,2.41962979,2023-06-05,2.6,0.015933319926261902,0.015327257104218006,0.04125932231545448,0.024068046361207962,0.020576825365424156,0.015529701486229897
03076387,48.731713806,2.092361181,2023-06-05,7.93,0.07041523605585098,0.06430623680353165,0.08789172768592834,0.12380217760801315,0.06565331667661667,0.04904390871524811
03178325,49.582218747,1.492656983,2023-06-05,11.0,0.021739289164543152,0.018927980214357376,0.03825193643569946,0.09002695232629776,0.06893700361251831,0.03645921126008034
03080660,48.814653807,2.410053858,2023-06-05,2.5,0.06130011007189751,0.05536554753780365,0.08024083077907562,0.07902997732162476,0.0772538110613823,0.06288020312786102
03141490,48.988842829,2.072019717,2023-06-05,4.4,0.07796046137809753,0.07079975306987762,0.09722712635993958,0.10758747160434723,0.10018740594387054,0.0844896212220192
03178319,49.592106165,1.499260668,2023-06-05,9.5,0.01305579673498869,0.016117937862873077,0.034387651830911636,0.12462595850229263,0.07384534925222397,0.033436547964811325
03189545,48.61186768,1.688556373,2023-06-06,19.0,0.020183391869068146,0.018722988665103912,0.042652253061532974,0.06202714145183563,0.03833597153425217,0.018572745844721794
03076742,48.695261645,2.292241249,2023-06-06,5.14,0.020575549453496933,0.01647317223250866,0.03892165794968605,0.05949338898062706,0.05151909217238426,0.03524326905608177
03226640,49.124361735,0.336399467,2023-06-06,4.2,0.10347235947847366,0.10845580697059631,0.14695221185684204,0.17692045867443085,0.12494935840368271,0.07461437582969666
03227296,49.174766616,0.169416477,2023-06-06,6.2,0.011611944064497948,0.012690377421677113,0.03231864050030708,0.09855638444423676,0.06386061012744904,0.030356578528881073
03226300,49.105316671,0.216533093,2023-06-06,5.7,0.01890251412987709,0.01878410391509533,0.03685009852051735,0.0989307090640068,0.06760010868310928,0.03571309521794319
03226720,49.128682623,0.25640787,2023-06-06,7.7,0.1259463131427765,0.11058085411787033,0.13106471300125122,0.1594185084104538,0.15258756279945374,0.12177135795354843
03078274,48.671799449,2.833419125,2023-06-06,3.0,0.16079740226268768,0.1443471610546112,0.1649188995361328,0.19496987760066986,0.14570826292037964,0.11169365793466568
03189395,48.582799223,1.602326287,2023-06-06,4.8,0.15915238857269287,0.13751749694347382,0.15825475752353668,0.1881580352783203,0.18669384717941284,0.1466720849275589
03227100,49.16568545,0.273899241,2023-06-06,6.4,0.02089640684425831,0.014714829623699188,0.03495042398571968,0.04968562722206116,0.05464998632669449,0.038358885794878006
03227745,49.256918109,0.371481453,2023-06-06,20.0,0.009363403543829918,0.013761172071099281,0.03242940828204155,0.12770338356494904,0.06695330142974854,0.026958301663398743
03189490,48.59199775,1.731176879,2023-06-06,5.3,0.004753002431243658,0.0040527209639549255,0.027680227532982826,0.033604610711336136,0.01799214817583561,0.00806979276239872
03078832,48.677502663,2.621273269,2023-06-06,1.9,0.0953032523393631,0.08875879645347595,0.11784595251083374,0.14545105397701263,0.10600101202726364,0.07964368164539337
03227010,49.178650144,0.211433224,2023-06-06,4.1,0.011759641580283642,0.014642254449427128,0.033347416669130325,0.09902492165565491,0.06440682709217072,0.029104983434081078
03226000,48.975329116,0.263904534,2023-06-06,8.6,0.009118940681219101,0.011024980805814266,0.03052082471549511,0.1025632694363594,0.06363523751497269,0.02870645746588707
03189975,48.685055537,1.449108399,2023-06-06,6.4,0.19287414848804474,0.1675901561975479,0.18646465241909027,0.22078481316566467,0.20936258137226105,0.15891939401626587
03189675,48.61322645,1.625569321,2023-06-06,9.2,0.02799726277589798,0.02281772531569004,0.041352272033691406,0.10069414228200912,0.0825263038277626,0.04402735084295273
03227725,49.235581372,0.4028809,2023-06-06,6.2,0.011265622451901436,0.01350525114685297,0.03259747847914696,0.10493530333042145,0.06571189314126968,0.028847789391875267
03078385,48.647418444,2.785212599,2023-06-06,3.7,0.08386319875717163,0.07143255323171616,0.09107991307973862,0.1233883649110794,0.10197757929563522,0.08674198389053345
03078510,48.720944937,2.746345507,2023-06-06,5.3,0.1278243362903595,0.11576803028583527,0.14000287652015686,0.16158553957939148,0.12476219981908798,0.10188081115484238
03076707,48.696625488,2.27224886,2023-06-06,5.51,0.016079740598797798,0.015677398070693016,0.035406243056058884,0.0994412824511528,0.060047250241041183,0.02931506559252739
03076799,48.685175258,2.319520001,2023-06-06,4.2,0.024940215051174164,0.020483877509832382,0.04000009223818779,0.08506257832050323,0.0663803443312645,0.03754783049225807
03226540,49.069440497,0.323829819,2023-06-06,3.6,0.0030761463567614555,0.005122242495417595,0.027568183839321136,0.06615497916936874,0.02854984998703003,0.011012247763574123
03232080,48.946930624,0.119139998,2023-06-07,68.0,0.011448970064520836,0.011967177502810955,0.03133697062730789,0.0972704142332077,0.06404267996549606,0.03221423178911209
03229700,49.042340061,0.022883854,2023-06-07,3.1,0.017065227031707764,0.014036192558705807,0.03324301168322563,0.0894552618265152,0.06682980060577393,0.033805783838033676
03232520,49.09040899,0.102389177,2023-06-07,42.0,0.011662873439490795,0.01299977581948042,0.031553421169519424,0.10791470855474472,0.06975697726011276,0.031382810324430466
03193520,48.65040125,1.237363811,2023-06-07,8.3,0.014612969011068344,0.01518338080495596,0.034579914063215256,0.10993914306163788,0.0655476450920105,0.03140827268362045
03194350,48.698642677,0.829382503,2023-06-07,11.0,0.0268093291670084,0.021460451185703278,0.04044700041413307,0.09872062504291534,0.078670933842659,0.04047501087188721
03194180,48.760749775,1.410257924,2023-06-07,6.7,0.13939043879508972,0.12608762085437775,0.15265123546123505,0.18814533948898315,0.17795686423778534,0.12076040357351303
03196080,48.783773568,1.362785283,2023-06-07,0.59,0.03173549473285675,0.02527889795601368,0.044956814497709274,0.08439286053180695,0.08492252230644226,0.05466526001691818
03196000,48.783266171,1.363629533,2023-06-07,1.9,0.02217346429824829,0.020049702376127243,0.03945132717490196,0.0966210588812828,0.070696622133255,0.03850148990750313
03232450,49.057335033,0.114931442,2023-06-07,4.5,0.010089149698615074,0.011886963620781898,0.031510129570961,0.09633838385343552,0.056744471192359924,0.02748032845556736
03231740,48.904119713,0.212126844,2023-06-07,2.5,0.05535663664340973,0.044084638357162476,0.054828234016895294,0.13265755772590637,0.11418921500444412,0.08515297621488571
03232790,49.088904957,0.020097628,2023-06-07,27.0,0.022346625104546547,0.01777697168290615,0.03555266559123993,0.09219019114971161,0.0962250679731369,0.05131791904568672
03194620,48.728570488,1.010639369,2023-06-07,3.7,0.28195759654045105,0.2453990876674652,0.2630614638328552,0.28888529539108276,0.2064990997314453,0.16020917892456055
03079920,48.715221027,2.451097224,2023-06-07,9.5,0.038204822689294815,0.03480782359838486,0.058035530149936676,0.08141475915908813,0.05949975550174713,0.03847220540046692
03190300,48.843316282,1.380537311,2023-06-07,5.6,0.22866235673427582,0.19963759183883667,0.21933841705322266,0.2440812736749649,0.22040796279907227,0.1694541573524475
03079622,48.720465672,2.543070909,2023-06-08,13.0,0.1077275201678276,0.09200683236122131,0.1137792319059372,0.13064329326152802,0.11364936828613281,0.09431777149438858
03191700,49.114401024,1.208875148,2023-06-08,5.0,0.011622129939496517,0.01242045033723116,0.03245360031723976,0.08414967358112335,0.049717456102371216,0.02430105023086071
03079967,48.720560743,2.442680999,2023-06-08,6.7,0.022290602326393127,0.019839616492390633,0.044768378138542175,0.045142706483602524,0.03252999484539032,0.02364787831902504
03200070,49.155591071,1.177217416,2023-06-08,2.3,0.2398044764995575,0.21385841071605682,0.23547418415546417,0.2822211980819702,0.22973951697349548,0.17525885999202728
03079850,48.710829764,2.464530637,2023-06-08,8.7,0.02487146109342575,0.02290939725935459,0.051869235932826996,0.06771088391542435,0.046903595328330994,0.040028106421232224
03230920,49.162896612,-0.018268487,2023-06-08,9.4,0.014867616817355156,0.01564302109181881,0.03353458270430565,0.10592971742153168,0.07529556006193161,0.03683226928114891
03078600,48.652992732,2.693566077,2023-06-08,2.5,0.04695834591984749,0.043976422399282455,0.06667827814817429,0.1087384819984436,0.07638291269540787,0.05215571075677872
03079270,48.701085076,2.494647678,2023-06-08,8.0,0.020384564995765686,0.01877264305949211,0.04267771169543266,0.06663881242275238,0.04193032905459404,0.027990899980068207
03173008,49.175416498,1.345734785,2023-06-08,11.0,0.05732251703739166,0.048739608377218246,0.06949850171804428,0.08547129482030869,0.07903634756803513,0.060655854642391205
03173000,49.179131738,1.353708925,2023-06-08,3.6,0.026707472279667854,0.024570975452661514,0.05069275200366974,0.04794001579284668,0.03373830392956734,0.025505533441901207
03198000,48.841392438,0.983489769,2023-06-09,16.0,0.004401588812470436,0.004261532332748175,0.029490770772099495,0.032998546957969666,0.013649126514792442,0.004862501751631498
03178000,49.119980322,1.64512256,2023-06-09,3.0,0.014663897454738617,0.01265854574739933,0.035197433084249496,0.05027003586292267,0.037041086703538895,0.019789962098002434
03199200,49.080181101,1.151869305,2023-06-09,1.39,0.013947064988315105,0.013212405145168304,0.032962899655103683,0.10692283511161804,0.0635702982544899,0.030445704236626625
03011780,48.881786975,2.733372002,2023-06-09,9.3,0.07144273817539215,0.06453414261341095,0.08920060843229294,0.12793129682540894,0.10739775747060776,0.07015804201364517
03233700,48.626719449,0.133235511,2023-06-09,62.0,0.10141606628894806,0.08984487503767014,0.11148994415998459,0.1564352959394455,0.14736983180046082,0.10167962312698364
03197000,48.764813129,0.761750555,2023-06-09,14.0,0.017970500513911247,0.01574105955660343,0.034880395978689194,0.09996458142995834,0.07388482242822647,0.03660436347126961
03233980,48.753659815,0.100385111,2023-06-09,66.0,0.01556025817990303,0.015595912002027035,0.03259874880313873,0.10556938499212265,0.07425659894943237,0.03616509586572647
03233860,48.683171887,0.100136629,2023-06-09,8.7,0.009546749293804169,0.012240923941135406,0.030271269381046295,0.11098193377256393,0.060702964663505554,0.026210909709334373
03109590,49.058937156,2.848306319,2023-06-09,7.6,0.10785357654094696,0.09191770851612091,0.11155742406845093,0.14274796843528748,0.1266147643327713,0.09590931236743927
03233827,48.661583634,0.238298776,2023-06-09,70.0,0.1426079124212265,0.12452790886163712,0.14156514406204224,0.19760166108608246,0.19290344417095184,0.1442936807870865
03110855,48.848606016,2.683326805,2023-06-09,13.0,0.1318337619304657,0.11914467066526413,0.1422603279352188,0.1633986234664917,0.13456612825393677,0.10699030756950378
03190735,48.816520778,1.562909369,2023-06-09,6.6,0.031881917268037796,0.024935120716691017,0.04451245442032814,0.09547513723373413,0.07972007244825363,0.04484986141324043
03174000,49.310144107,1.23665644,2023-06-09,3.0,0.01704994961619377,0.014982209540903568,0.03845692798495293,0.02037055976688862,0.020730886608362198,0.016250357031822205
03233740,48.644483456,0.102267161,2023-06-09,12.0,0.017482852563261986,0.01676856353878975,0.03472505882382393,0.09894852340221405,0.07283566892147064,0.03761276602745056
03233896,48.721762386,0.041258996,2023-06-09,30.0,0.014733927324414253,0.014358321204781532,0.03261275589466095,0.09011608362197876,0.06542032212018967,0.03401586413383484
03193000,49.287347104,1.209558025,2023-06-09,0.62,0.029788710176944733,0.02696594037115574,0.05040755122900009,0.08112318813800812,0.06554383039474487,0.0370754636824131
03120685,48.98621908,2.671995153,2023-06-09,3.3,0.09248683601617813,0.08169487118721008,0.10564704984426498,0.1284927874803543,0.09957752376794815,0.07656498998403549
03233820,48.662750407,0.257457693,2023-06-09,19.0,0.00785716064274311,0.013441589660942554,0.030137579888105392,0.13629263639450073,0.07030701637268066,0.029695764183998108
03233795,48.650752358,0.088375322,2023-06-09,40.0,0.006260518450289965,0.008442850783467293,0.0285141970962286,0.08672288060188293,0.0464719720184803,0.020299257710576057
03198530,48.963460354,0.954013871,2023-06-09,2.3,0.08693934231996536,0.06545597314834595,0.08122376352548599,0.1245826706290245,0.13306881487369537,0.11055538058280945
03223500,49.093700417,0.641809627,2023-06-12,4.2,0.18040022253990173,0.15173068642616272,0.171025350689888,0.19782066345214844,0.18705034255981445,0.16105714440345764
03222480,48.863134308,0.495838984,2023-06-12,6.8,0.009104935452342033,0.010946040041744709,0.03031710349023342,0.10611177235841751,0.065508171916008,0.029615554958581924
03219780,48.838889125,0.723226794,2023-06-12,10.0,0.014849793165922165,0.012983221560716629,0.033293940126895905,0.08417513966560364,0.06214555352926254,0.03079329803586006
03051500,48.558880551,2.740991008,2023-06-12,12.0,0.07767906039953232,0.06797444075345993,0.09042419493198395,0.11830560863018036,0.09284717589616776,0.07598311454057693
03070440,48.608188711,2.480764387,2023-06-12,6.3,0.06798462569713593,0.05590667203068733,0.07301392406225204,0.08917514979839325,0.08849269151687622,0.07241804152727127
03183000,49.338593064,1.096833459,2023-06-12,3.5,0.016876788809895515,0.016680710017681122,0.03945005312561989,0.04174697771668434,0.032691698521375656,0.0216030552983284
03228000,49.304033679,0.147636705,2023-06-12,5.6,0.013277340680360794,0.016082286834716797,0.03498862311244011,0.1132088154554367,0.06585704535245895,0.030994469299912453
03183000,49.338593064,1.096833459,2023-06-12,3.5,0.016876788809895515,0.016680710017681122,0.03945005312561989,0.04174697771668434,0.032691698521375656,0.0216030552983284
03049198,48.626506107,2.494119346,2023-06-12,8.9,0.08172795921564102,0.07835770398378372,0.10765621811151505,0.12645433843135834,0.09570305049419403,0.07920949906110764
03219550,48.774631428,0.647618306,2023-06-12,18.0,0.019303584471344948,0.016604317352175713,0.035790763795375824,0.08891540765762329,0.07263831794261932,0.039446230977773666
03061660,48.660746783,2.416582875,2023-06-12,3.0,0.013403390534222126,0.012691651470959187,0.03606069087982178,0.01863003894686699,0.01740391179919243,0.01260252483189106
03174211,49.307636569,1.158427479,2023-06-12,2.5,0.010094242170453072,0.00887957215309143,0.034070614725351334,0.01973903365433216,0.015570445917546749,0.010106975212693214
03223200,49.016032414,0.553416839,2023-06-12,2.4,0.010044586844742298,0.011893329210579395,0.03194303438067436,0.11102902144193649,0.05829017981886864,0.025685062631964684
03186500,49.428194481,0.242462064,2023-06-12,68.0,0.06937626749277115,0.05193798616528511,0.06847609579563141,0.07686928659677505,0.07910127937793732,0.06391534954309464
03186000,49.475393854,0.463982177,2023-06-12,225.0,0.0069327885285019875,0.005867087282240391,0.030380768701434135,0.0083358995616436,0.0038286312483251095,0.002452259184792638
03186000,49.475393854,0.463982177,2023-06-12,225.0,0.0069327885285019875,0.005867087282240391,0.030380768701434135,0.0083358995616436,0.0038286312483251095,0.002452259184792638
03050000,48.632777937,2.465777053,2023-06-12,58.0,0.010928213596343994,0.012636902742087841,0.03302910551428795,0.10650266706943512,0.04951246827840805,0.020073892548680305
03222780,48.901086702,0.456930259,2023-06-12,2.8,0.012077949941158295,0.013898681849241257,0.03152286633849144,0.1118706539273262,0.07213666290044785,0.030640507116913795
03174211,49.307636569,1.158427479,2023-06-12,2.5,0.010094242170453072,0.00887957215309143,0.034070614725351334,0.01973903365433216,0.015570445917546749,0.010106975212693214
03184000,49.351943837,0.934013574,2023-06-12,3.3,0.022058876231312752,0.02161833457648754,0.047486744821071625,0.041580185294151306,0.027179842814803123,0.014503471553325653
03222418,48.776618563,0.412172565,2023-06-12,12.0,0.0017583430744707584,0.004360845312476158,0.025718163698911667,0.10341888666152954,0.0442119725048542,0.01547749899327755
03185000,49.51430907,0.676982203,2023-06-12,36.0,0.023202242329716682,0.020112089812755585,0.04019107669591904,0.02493894286453724,0.020417671650648117,0.014172430150210857
03219880,48.822322504,0.653016473,2023-06-12,60.0,0.021543212234973907,0.01665015146136284,0.03837543725967407,0.07461565732955933,0.06530699878931046,0.044099923223257065
03186500,49.428194481,0.242462064,2023-06-12,68.0,0.06937626749277115,0.05193798616528511,0.06847609579563141,0.07686928659677505,0.07910127937793732,0.06391534954309464
03201260,49.560682268,1.126082524,2023-06-13,3.2,0.03120964579284191,0.03101738728582859,0.05100215598940849,0.11195468157529831,0.0759894847869873,0.04422597587108612
03201000,49.432717192,1.153457886,2023-06-13,1.8,0.02412024885416031,0.02041512168943882,0.04103778302669525,0.0702013298869133,0.06446411460638046,0.04098048806190491
03110863,48.861372903,2.671977017,2023-06-13,25.0,0.12482329457998276,0.1117815226316452,0.13490991294384003,0.1549379676580429,0.13059744238853455,0.1062760278582573
03182415,49.253700939,1.019278533,2023-06-13,74.0,0.12289179861545563,0.1024397686123848,0.11862645298242569,0.15685927867889404,0.14757484197616577,0.12344437837600708
03222000,49.347885831,0.565379045,2023-06-13,4.2,0.06465382874011993,0.05608620122075081,0.07823929190635681,0.11349529027938843,0.10758746415376663,0.0842413455247879
03168035,49.195525727,2.430172609,2023-06-13,0.9,0.16955220699310303,0.15395374596118927,0.1821165531873703,0.18477506935596466,0.13938407599925995,0.10714437812566757
03221500,49.153236289,0.729344844,2023-06-13,4.4,0.01557935867458582,0.015751246362924576,0.03577548637986183,0.08669233322143555,0.058366574347019196,0.02966393530368805
03167350,49.102721926,2.687841157,2023-06-13,6.7,0.07714304327964783,0.07164900749921799,0.0972653180360794,0.12234685570001602,0.09126707911491394,0.0678623840212822
03203050,49.45343403,1.050952262,2023-06-13,4.5,0.037761736661195755,0.032333917915821075,0.05551578849554062,0.06736455857753754,0.06163879856467247,0.04219897836446762
03222329,49.346820684,0.405970627,2023-06-13,1.7,0.1201276034116745,0.10193173587322235,0.12534533441066742,0.1551913470029831,0.15592600405216217,0.1325518786907196
03167820,49.199300647,2.553564357,2023-06-13,3.0,0.12143521010875702,0.11007664352655411,0.13557200133800507,0.15916766226291656,0.1378447413444519,0.11500918120145798
03202250,49.50839983,1.036954004,2023-06-13,3.6,0.008823549374938011,0.007500654086470604,0.03168711066246033,0.024680472910404205,0.019828159362077713,0.013845205307006836
03111000,48.862013474,2.644357798,2023-06-13,5.1,0.11792998015880585,0.10848892480134964,0.13590049743652344,0.1510278582572937,0.12328523397445679,0.09909877926111221
03201650,49.560938001,1.075216796,2023-06-13,5.3,0.0074395383708179,0.010210108011960983,0.03191502019762993,0.07828895002603531,0.032862309366464615,0.013400845229625702
03222275,49.369972976,0.47947984,2023-06-13,7.5,0.014102400280535221,0.016436247155070305,0.038439102470874786,0.09524977952241898,0.051460523158311844,0.02501661144196987
03276648,48.899680182,2.771131912,2023-06-13,14.0,0.0711575374007225,0.060100726783275604,0.0798155665397644,0.11768171191215515,0.11157015711069107,0.08204755187034607
03200435,49.439646172,1.129854272,2023-06-13,1.5,0.1183934435248375,0.0922945886850357,0.0999365746974945,0.14042049646377563,0.16979412734508514,0.13276450335979462
03167740,49.217072392,2.612739852,2023-06-13,1.8,0.04248163104057312,0.03862626850605011,0.05966272950172424,0.10756964981555939,0.08287262171506882,0.05978623405098915
03137290,49.213553763,2.423071229,2023-06-13,6.1,0.04303421825170517,0.03989950940012932,0.06489446759223938,0.06969713419675827,0.055169474333524704,0.04081878066062927
03120800,48.964813896,2.677333642,2023-06-13,28.0,0.07514913380146027,0.06745114177465439,0.09229204058647156,0.11529693007469177,0.08922863006591797,0.0659741759300232
03081000,48.832587164,2.381542365,2023-06-14,3.1,0.0153387151658535,0.015727054327726364,0.04055013135075569,0.014402886852622032,0.016051730141043663,0.012656000442802906
03206000,49.52578485,0.726007342,2023-06-14,3.1,0.029917309060692787,0.021679449826478958,0.043053317815065384,0.05085955187678337,0.06700804829597473,0.05238998308777809
03079920,48.715221027,2.451097224,2023-06-14,5.4,0.038204822689294815,0.03480782359838486,0.058035530149936676,0.08141475915908813,0.05949975550174713,0.03847220540046692
03111510,48.863592637,2.564361163,2023-06-14,27.0,0.11829794943332672,0.10590042173862457,0.12791727483272552,0.14609405398368835,0.1330980807542801,0.11948206275701523
03203472,49.573675751,0.944687811,2023-06-14,2.4,0.027677681297063828,0.02774898335337639,0.05225120484828949,0.0863523781299591,0.05510835722088814,0.035394784063100815
03080660,48.814653807,2.410053858,2023-06-14,1.6,0.06130011007189751,0.05536554753780365,0.08024083077907562,0.07902997732162476,0.0772538110613823,0.06288020312786102
03205000,49.523824609,0.75106503,2023-06-14,1.1,0.008017588406801224,0.011291087605059147,0.030398592352867126,0.09251612424850464,0.04952392727136612,0.02227150648832321
03205050,49.522919436,0.75498679,2023-06-14,9.3,0.01475811842828989,0.015429116785526276,0.03489312902092934,0.08340100944042206,0.05659804865717888,0.02923230640590191
03204000,49.484788747,0.873747359,2023-06-14,2.5,0.009700811468064785,0.009090930223464966,0.03220786899328232,0.03594864532351494,0.025272531434893608,0.013346096500754356
03203750,49.515478187,0.918031624,2023-06-14,2.4,0.04630771651864052,0.03912283107638359,0.05879311263561249,0.1152167096734047,0.09783318638801575,0.06893955171108246
03203660,49.532257043,0.938733848,2023-06-14,5.8,0.019550593569874763,0.017288045957684517,0.038565151393413544,0.07926680147647858,0.060388483107089996,0.03741795942187309
03112480,48.816895156,2.41962979,2023-06-14,2.3,0.015933319926261902,0.015327257104218006,0.04125932231545448,0.024068046361207962,0.020576825365424156,0.015529701486229897
03112000,48.820237175,2.46916825,2023-06-14,3.7,0.06244475394487381,0.0543074831366539,0.07792480289936066,0.07724616676568985,0.08298593759536743,0.07378295063972473
03112295,48.779948501,2.508494996,2023-06-14,4.7,0.11195594817399979,0.10103410482406616,0.12559489905834198,0.13395243883132935,0.12308916449546814,0.10564067959785461
03219015,49.521911077,0.180257583,2023-06-15,2.4,0.013637669384479523,0.013171661645174026,0.034074436873197556,0.07734675705432892,0.052825432270765305,0.028562581166625023
03085000,48.988638724,2.082900235,2023-06-15,2.8,0.07859961688518524,0.06964875012636185,0.09465644508600235,0.10223986953496933,0.10209597647190094,0.08615884184837341
03219000,49.520729266,0.191331907,2023-06-15,2.5,0.02133185602724552,0.018200958147644997,0.038539689034223557,0.06836023181676865,0.060328640043735504,0.03798582777380943
03206150,49.577379761,0.497396868,2023-06-15,1.9,0.01676856353878975,0.015138817951083183,0.03445640951395035,0.07898032665252686,0.061628613620996475,0.035728372633457184
03206350,49.542474337,0.497342697,2023-06-15,4.8,0.018898693844676018,0.016548294574022293,0.03564688563346863,0.08301776647567749,0.06741803884506226,0.038656823337078094
03141490,48.988842829,2.072019717,2023-06-15,4.6,0.07796046137809753,0.07079975306987762,0.09722712635993958,0.10758747160434723,0.10018740594387054,0.0844896212220192
03082000,48.866707755,2.229494609,2023-06-15,3.2,0.14664025604724884,0.1354764997959137,0.16320638358592987,0.1696183979511261,0.13808538019657135,0.11244869232177734
03207020,49.506210238,0.535889212,2023-06-15,4.6,0.008922862820327282,0.00964478962123394,0.031470660120248795,0.06078190729022026,0.03481164574623108,0.01797432266175747
03082560,48.912880127,2.31046707,2023-06-15,1.3,0.06963474303483963,0.06073988974094391,0.08242188394069672,0.08203482627868652,0.08783188462257385,0.07604295015335083
03185964,49.486012302,0.466495118,2023-06-15,3.9,0.012420451268553734,0.010612450540065765,0.033128418028354645,0.03959647938609123,0.03627331927418709,0.02422083355486393
03083450,48.920402018,2.220389022,2023-06-15,2.8,0.10358184576034546,0.08830807358026505,0.10715710371732712,0.10632568597793579,0.11549174040555954,0.10549935698509216
03185620,49.479819867,0.572941334,2023-06-15,2.7,0.03962448611855507,0.03430744260549545,0.05229194462299347,0.10453932732343674,0.08633074164390564,0.054917365312576294
03185980,49.484979887,0.466145711,2023-06-15,3.6,0.002961554564535618,0.003999244887381792,0.028199708089232445,0.028877073898911476,0.01164504885673523,0.005059853661805391
03185950,49.486229544,0.46779374,2023-06-15,3.3,0.012775684706866741,0.013388113118708134,0.03322136402130127,0.0797710120677948,0.04768027365207672,0.02323152869939804
03125000,48.93678189,2.038835044,2023-06-15,3.5,0.01814620941877365,0.01719764620065689,0.041922684758901596,0.02057809568941593,0.01903492957353592,0.014500925317406654
03084470,48.944448349,2.157759113,2023-06-15,2.1,0.01116630993783474,0.011480800807476044,0.03729064017534256,0.015280148014426231,0.012839347124099731,0.00927555002272129
03119000,48.895727741,2.827438019,2023-06-16,5.1,0.13195472955703735,0.11813242733478546,0.14436626434326172,0.17287027835845947,0.14758500456809998,0.10908862203359604
03133415,49.338283968,2.750836227,2023-06-20,50.0,0.1503250151872635,0.1386876106262207,0.16799375414848328,0.17993292212486267,0.1434164196252823,0.1124958023428917
03156000,49.436146948,2.876470159,2023-06-20,3.9,0.0833297073841095,0.0769762396812439,0.10393326729536057,0.11043825000524521,0.0827694833278656,0.05682212859392166
03122732,48.764490401,2.230744987,2023-06-20,29.0,0.0066055660136044025,0.008800631389021873,0.031805526465177536,0.09155356138944626,0.04192650690674782,0.016681984066963196
03122509,48.760424562,2.192535659,2023-06-20,6.0,0.1039065271615982,0.09536691755056381,0.12054140865802765,0.14271485805511475,0.12313371896743774,0.09722456336021423
03122999,48.736500541,2.239316135,2023-06-20,4.0,0.018724258989095688,0.017113612964749336,0.03642992675304413,0.09507915377616882,0.06997724622488022,0.039933882653713226
03121600,48.778621784,2.064517023,2023-06-20,15.0,0.010530962608754635,0.012942478992044926,0.03507647290825844,0.10653958469629288,0.05119568854570389,0.023519283160567284
03133937,49.439814713,2.852919664,2023-06-20,3.3,0.015227943658828735,0.014498377218842506,0.03721297159790993,0.0719953253865242,0.0386466383934021,0.0188426710665226
03133850,49.441517993,2.864520634,2023-06-20,7.0,0.1300843358039856,0.1166682168841362,0.1420820653438568,0.16261814534664154,0.13086992502212524,0.09331189841032028
03122274,48.763230015,2.163662816,2023-06-20,8.0,0.013273521326482296,0.013097813352942467,0.03858806937932968,0.04349641501903534,0.02494530938565731,0.01727404072880745
03122625,48.788977865,2.066114525,2023-06-20,5.0,0.022677669301629066,0.02332574874162674,0.044400405138731,0.1179274469614029,0.06403376162052155,0.03482437506318092
03122920,48.733019957,2.211642008,2023-06-20,6.2,0.04199143499135971,0.03778465464711189,0.05919799953699112,0.09899818152189255,0.06997852027416229,0.04828251525759697
03123026,48.738051115,2.25268811,2023-06-20,7.1,0.014826875180006027,0.014456361532211304,0.03492113947868347,0.0953923761844635,0.057350531220436096,0.03206399083137512
03133670,49.496492534,2.860746851,2023-06-20,6.2,0.1155681237578392,0.1068107858300209,0.13235197961330414,0.16178545355796814,0.13543321192264557,0.11796817928552628
03123063,48.738951555,2.271767864,2023-06-20,10.0,0.03167055919766426,0.025780552998185158,0.04557688161730766,0.07533121854066849,0.061126958578825,0.03623512387275696
03121712,48.776116297,2.100162436,2023-06-20,3.0,0.009560755454003811,0.011944259516894817,0.033483654260635376,0.11922487616539001,0.056897249072790146,0.025832755491137505
03081002,48.739373993,2.333296509,2023-06-20,5.0,0.03226261958479881,0.03401841223239899,0.06016311049461365,0.08796048164367676,0.061590418219566345,0.04256439581513405
03133595,49.520472086,2.782767405,2023-06-20,6.0,0.1928665190935135,0.1728588342666626,0.19651435315608978,0.2197471261024475,0.18270987272262573,0.14862652122974396
03134000,49.398299087,2.787097305,2023-06-20,6.5,0.0809258297085762,0.07496961951255798,0.09926047176122665,0.12122131139039993,0.10171783715486526,0.07947306334972382
03123000,48.737930122,2.240641566,2023-06-20,30.0,0.015502963215112686,0.015942230820655823,0.03512485697865486,0.09941837191581726,0.0750676617026329,0.03892802447080612
03122008,48.745962695,2.229481058,2023-06-20,11.0,0.04655473306775093,0.04124277085065842,0.06090668588876724,0.0987473651766777,0.06176994368433952,0.04199398681521416
03138485,49.145040295,2.271391374,2023-06-21,2.4,0.03417884185910225,0.0308136697858572,0.05348624289035797,0.08062279969453812,0.06251733750104904,0.04281522333621979
03134800,49.307190494,2.773697696,2023-06-21,8.0,0.2143409550189972,0.19254691898822784,0.21495084464550018,0.23865345120429993,0.19642139971256256,0.15161481499671936
03138000,49.145447105,2.285255527,2023-06-21,25.0,0.026988856494426727,0.024322694167494774,0.047625526785850525,0.04129370301961899,0.041656576097011566,0.03186918795108795
03167000,49.126061049,2.171535869,2023-06-21,31.0,0.03709837794303894,0.031069591641426086,0.05264844745397568,0.07956600934267044,0.0654585137963295,0.04734159633517265
03138390,49.200082325,2.203182776,2023-06-21,2.9,0.03670494630932808,0.02907951921224594,0.0498868003487587,0.08543183654546738,0.08373205363750458,0.062461309134960175
03138800,49.084370917,2.20405712,2023-06-21,7.5,0.17662250995635986,0.15536196529865265,0.1770668774843216,0.2063768208026886,0.17616158723831177,0.1374143809080124
03079920,48.715221027,2.451097224,2023-06-21,6.0,0.038204822689294815,0.03480782359838486,0.058035530149936676,0.08141475915908813,0.05949975550174713,0.03847220540046692
03134730,49.27060547,2.850035544,2023-06-21,3.0,0.14335402846336365,0.12886075675487518,0.15396648645401,0.17437905073165894,0.1409323364496231,0.1029503270983696
03138550,49.134760444,2.267945857,2023-06-21,3.2,0.08502693474292755,0.07514277845621109,0.09701957553625107,0.1306534707546234,0.12039370834827423,0.10093224793672562
03134790,49.294986401,2.790560784,2023-06-21,3.7,0.12647724151611328,0.11315278708934784,0.13841640949249268,0.15631689131259918,0.12973420321941376,0.09734170883893967
03134727,49.261650485,2.849013224,2023-06-21,1.2,0.16365329921245575,0.14619335532188416,0.17068029940128326,0.191329687833786,0.15415620803833008,0.10907461494207382
03174516,49.627251309,1.55127088,2023-06-22,17.0,0.013637669384479523,0.014227177947759628,0.03281775116920471,0.10095133632421494,0.0714503824710846,0.035345129668712616
03174515,49.634419783,1.542696485,2023-06-22,3.4,0.015989340841770172,0.015509329736232758,0.033864349126815796,0.09890015423297882,0.07408216595649719,0.03787250816822052
03174514,49.627470567,1.551569077,2023-06-22,4.1,0.013871943578124046,0.014512384310364723,0.033052023500204086,0.0994463860988617,0.07329021394252777,0.03679152950644493
03174530,49.616279957,1.556021082,2023-06-22,5.2,0.02050042897462845,0.017932305112481117,0.03623639792203903,0.08979394286870956,0.07780512422323227,0.039936427026987076
03174580,49.600979951,1.591770141,2023-06-22,4.0,0.02313985303044319,0.02173674665391445,0.03975944593548775,0.10917138308286667,0.07741679251194,0.04210348427295685
03174565,49.609348193,1.574099645,2023-06-22,12.0,0.010799616575241089,0.011408225633203983,0.0315992571413517,0.08374860137701035,0.05549924075603485,0.028782853856682777
03174517,49.626193268,1.551480628,2023-06-22,15.0,0.012121238745748997,0.012802422046661377,0.031692203134298325,0.100318543612957,0.06417127698659897,0.030779292806982994
03135000,49.311824881,2.724166977,2023-06-23,12.0,0.2777508497238159,0.2503812611103058,0.27394768595695496,0.2925904393196106,0.1960674226284027,0.1389893740415573
03227770,49.283233022,0.30881642,2023-06-23,9.0,0.009800123982131481,0.014507289975881577,0.033190809190273285,0.12321393936872482,0.06494412571191788,0.027165841311216354
03136000,49.302897335,2.604164303,2023-06-23,8.8,0.0666184350848198,0.05999249964952469,0.08424388617277145,0.09790830314159393,0.08462077379226685,0.06303299218416214
03135860,49.305661121,2.636917199,2023-06-23,9.4,0.2164163440465927,0.19849422574043274,0.22732290625572205,0.23863817751407623,0.17284992337226868,0.12346857786178589
03140490,49.05244065,2.086506484,2023-06-23,8.0,0.12727811932563782,0.11351310461759567,0.13853228092193604,0.1582089215517044,0.1411118507385254,0.11768552660942078
03135360,49.30890728,2.689248086,2023-06-23,12.0,0.13598960638046265,0.12419432401657104,0.1491841971874237,0.16254684329032898,0.12670642137527466,0.10248177498579025
03140358,49.120868734,1.947826871,2023-06-23,11.0,0.08126451820135117,0.07219523191452026,0.09545350074768066,0.1239638701081276,0.10430251061916351,0.08596658706665039
03136840,49.280729962,2.51787618,2023-06-23,9.6,0.17789699137210846,0.16090945899486542,0.18514175713062286,0.20729738473892212,0.1670311987400055,0.12646451592445374
03136600,49.299875768,2.51736752,2023-06-23,8.5,0.1406102031469345,0.1302867829799652,0.1587003916501999,0.17303580045700073,0.14329929649829865,0.11473798006772995
03141000,49.031717659,2.059095635,2023-06-23,11.0,0.10416626185178757,0.08851179480552673,0.10810694843530655,0.12298856675624847,0.12231885641813278,0.10567505657672882
03139015,49.036870468,2.126990991,2023-06-23,2.9,0.019322682172060013,0.019055301323533058,0.040182165801525116,0.09911789000034332,0.06307374686002731,0.03557558357715607
03125925,48.964430405,1.924878419,2023-06-23,17.0,0.052675191313028336,0.040876083076000214,0.05968565121293068,0.0789535865187645,0.0868578553199768,0.06732890009880066
03125500,48.978489488,2.001149396,2023-06-23,2.0,0.1811654269695282,0.15841518342494965,0.17880229651927948,0.1950361132621765,0.18209362030029297,0.15260666608810425
03135940,49.312432975,2.604075239,2023-06-23,2.1,0.058398403227329254,0.05454430729150772,0.08017843961715698,0.09068265557289124,0.07467550039291382,0.060085445642471313
03140400,49.087490019,1.985400521,2023-06-23,14.0,0.044616855680942535,0.04070037230849266,0.06069660186767578,0.1308521032333374,0.08775167167186737,0.055603642016649246
03134708,49.279540392,2.696514844,2023-06-23,5.4,0.16041545569896698,0.1488327831029892,0.17721202969551086,0.1869586557149887,0.1466912031173706,0.11686938256025314
03162240,49.414997738,2.35701448,2023-06-26,3.4,0.19420847296714783,0.17440706491470337,0.1991754025220871,0.2206600308418274,0.1801442950963974,0.14036574959754944
03186000,49.475393854,0.463982177,2023-06-26,80.0,0.0069327885285019875,0.005867087282240391,0.030380768701434135,0.0083358995616436,0.0038286312483251095,0.002452259184792638
03075000,48.569061256,2.033286379,2023-06-26,19.0,0.013125825673341751,0.011647595092654228,0.03180043026804924,0.09551715105772018,0.061082396656274796,0.03190993145108223
03137000,49.261973663,2.473972283,2023-06-26,10.0,0.09894470870494843,0.08654972910881042,0.10781282186508179,0.12204255908727646,0.11752636730670929,0.10697757452726364
03183000,49.338593064,1.096833459,2023-06-26,2.4,0.016876788809895515,0.016680710017681122,0.03945005312561989,0.04174697771668434,0.032691698521375656,0.0216030552983284
03162325,49.483657634,2.440128471,2023-06-26,4.2,0.019896913319826126,0.019146975129842758,0.03923869505524635,0.11828013509511948,0.05894716829061508,0.03046480379998684
03174211,49.307636569,1.158427479,2023-06-26,2.6,0.010094242170453072,0.00887957215309143,0.034070614725351334,0.01973903365433216,0.015570445917546749,0.010106975212693214
03162365,49.424467732,2.414714977,2023-06-26,3.9,0.09747284650802612,0.08503202348947525,0.10676749050617218,0.13840878009796143,0.1266593188047409,0.1084418073296547
03186500,49.428194481,0.242462064,2023-06-26,19.0,0.06937626749277115,0.05193798616528511,0.06847609579563141,0.07686928659677505,0.07910127937793732,0.06391534954309464
03073000,48.67090001,2.355070504,2023-06-26,0.61,0.017712034285068512,0.014062928967177868,0.03614345192909241,0.057996056973934174,0.04876634478569031,0.03131277859210968
03162900,49.330853658,2.456132232,2023-06-26,2.1,0.024508586153388023,0.022771889343857765,0.043562617152929306,0.09368878602981567,0.07066097110509872,0.0450994148850441
03185000,49.51430907,0.676982203,2023-06-26,11.0,0.023202242329716682,0.020112089812755585,0.04019107669591904,0.02493894286453724,0.020417671650648117,0.014172430150210857
03077000,48.675707977,2.337870507,2023-06-26,1.9,0.016726547852158546,0.014774671755731106,0.03650759533047676,0.06781528145074844,0.04893951117992401,0.02780882641673088
03163000,49.323720552,2.449166117,2023-06-26,11.0,0.020469870418310165,0.019377432763576508,0.040383338928222656,0.10812858492136002,0.06307501345872879,0.034714873880147934
03163300,49.581532082,1.758347481,2023-06-27,7.6,0.04331305995583534,0.036884475499391556,0.05837930366396904,0.0893012061715126,0.07778474688529968,0.05608237162232399
03164180,49.432331763,1.936695367,2023-06-27,13.0,0.02922339178621769,0.028164057061076164,0.04980021342635155,0.1096208319067955,0.07705900073051453,0.0423785001039505
03163750,49.546621268,1.982109356,2023-06-27,3.4,0.2261553555727005,0.20257622003555298,0.22516222298145294,0.25802960991859436,0.20983751118183136,0.1687653511762619
03163400,49.548754268,1.829895082,2023-06-27,16.0,0.008124541491270065,0.008433938026428223,0.033157702535390854,0.04660947620868683,0.020122278481721878,0.0089827049523592
03164285,49.422689283,2.039139983,2023-06-27,7.8,0.25124579668045044,0.22506926953792572,0.2480715960264206,0.26788321137428284,0.19256092607975006,0.139594167470932
03164330,49.456460246,2.060985028,2023-06-27,6.4,0.13497483730316162,0.12276701629161835,0.149699866771698,0.16369657218456268,0.13358956575393677,0.106349878013134
03164714,49.398753252,2.097708989,2023-06-27,11.0,0.2294759601354599,0.20681612193584442,0.23037105798721313,0.2545523941516876,0.19465413689613342,0.1505516618490219
03165295,49.35516264,2.245648785,2023-06-28,5.7,0.2541411519050598,0.22708863019943237,0.25076577067375183,0.2738432288169861,0.18147101998329163,0.12993282079696655
03166050,49.261985012,2.378094156,2023-06-28,8.0,0.11806239932775497,0.10563941299915314,0.1276753544807434,0.1623431146144867,0.14371690154075623,0.1279325634241104
03166490,49.243811636,2.451267125,2023-06-28,6.1,0.04944625496864319,0.0457436740398407,0.06942720711231232,0.08504730463027954,0.0673912912607193,0.05251476168632507
03079920,48.715221027,2.451097224,2023-06-28,5.93,0.038204822689294815,0.03480782359838486,0.058035530149936676,0.08141475915908813,0.05949975550174713,0.03847220540046692
03165020,49.399346778,2.181150228,2023-06-28,3.5,0.11595518887042999,0.10722076147794724,0.13573242723941803,0.15543708205223083,0.13042683899402618,0.10358184576034546
03165895,49.286877038,2.357331419,2023-06-28,34.0,0.007773126941174269,0.010291594080626965,0.03494787588715553,0.0708901584148407,0.02757454849779606,0.010962591506540775
03165200,49.369356219,2.244161001,2023-06-28,6.3,0.2819207012653351,0.2574770450592041,0.2846059799194336,0.29629936814308167,0.1757032424211502,0.11952917277812958
03228480,48.831670041,0.086060037,2023-06-29,9.9,0.0096256909891963,0.01098041795194149,0.030008981004357338,0.10333230346441269,0.06584813445806503,0.03028145805001259
03228360,48.805438206,0.143470498,2023-06-29,5.2,0.010546242818236351,0.012631808407604694,0.030831491574645042,0.10331574082374573,0.06401084363460541,0.02899039350450039
03228690,48.85673293,-0.016945447,2023-06-29,8.1,0.016702355816960335,0.014657532796263695,0.0333537831902504,0.09464498609304428,0.06832712888717651,0.035764023661613464
H6259303,49.362201628,0.486831236,2023-07-01,8.7,0.00840337947010994,0.011465522460639477,0.03303929418325424,0.04916105419397354,0.0215559434145689,0.008736969903111458
I0399103,49.274799545,0.197724628,2023-07-01,3.5,0.007113588508218527,0.009329025633633137,0.03277955204248428,0.007852068170905113,0.005021656863391399,0.0031321696005761623
03226300,49.105316671,0.216533093,2023-07-03,23.0,0.01890251412987709,0.01878410391509533,0.03685009852051735,0.0989307090640068,0.06760010868310928,0.03571309521794319
03226000,48.975329116,0.263904534,2023-07-03,6.3,0.009118940681219101,0.011024980805814266,0.03052082471549511,0.1025632694363594,0.06363523751497269,0.02870645746588707
03125000,48.93678189,2.038835044,2023-07-03,3.5,0.01814620941877365,0.01719764620065689,0.041922684758901596,0.02057809568941593,0.01903492957353592,0.014500925317406654
03112480,48.816895156,2.41962979,2023-07-03,4.0,0.015933319926261902,0.015327257104218006,0.04125932231545448,0.024068046361207962,0.020576825365424156,0.015529701486229897
03227296,49.174766616,0.169416477,2023-07-03,15.0,0.011611944064497948,0.012690377421677113,0.03231864050030708,0.09855638444423676,0.06386061012744904,0.030356578528881073
03193000,49.287347104,1.209558025,2023-07-03,1.8,0.029788710176944733,0.02696594037115574,0.05040755122900009,0.08112318813800812,0.06554383039474487,0.0370754636824131
03080660,48.814653807,2.410053858,2023-07-03,2.7,0.06130011007189751,0.05536554753780365,0.08024083077907562,0.07902997732162476,0.0772538110613823,0.06288020312786102
03227100,49.16568545,0.273899241,2023-07-03,6.4,0.02089640684425831,0.014714829623699188,0.03495042398571968,0.04968562722206116,0.05464998632669449,0.038358885794878006
03228000,49.304033679,0.147636705,2023-07-03,13.0,0.013277340680360794,0.016082286834716797,0.03498862311244011,0.1132088154554367,0.06585704535245895,0.030994469299912453
03178000,49.119980322,1.64512256,2023-07-03,3.6,0.014663897454738617,0.01265854574739933,0.035197433084249496,0.05027003586292267,0.037041086703538895,0.019789962098002434
03133850,49.441517993,2.864520634,2023-07-03,15.0,0.1300843358039856,0.1166682168841362,0.1420820653438568,0.16261814534664154,0.13086992502212524,0.09331189841032028
03174000,49.310144107,1.23665644,2023-07-03,6.2,0.01704994961619377,0.014982209540903568,0.03845692798495293,0.02037055976688862,0.020730886608362198,0.016250357031822205
03141490,48.988842829,2.072019717,2023-07-03,6.8,0.07796046137809753,0.07079975306987762,0.09722712635993958,0.10758747160434723,0.10018740594387054,0.0844896212220192
04110700,48.631452388,0.468303342,2023-07-03,13.0,0.008954692631959915,0.012770592235028744,0.029866378754377365,0.11329412460327148,0.062351811677217484,0.02785593457520008
03156000,49.436146948,2.876470159,2023-07-03,10.0,0.0833297073841095,0.0769762396812439,0.10393326729536057,0.11043825000524521,0.0827694833278656,0.05682212859392166
03085000,48.988638724,2.082900235,2023-07-03,2.9,0.07859961688518524,0.06964875012636185,0.09465644508600235,0.10223986953496933,0.10209597647190094,0.08615884184837341
03222000,49.347885831,0.565379045,2023-07-03,3.0,0.06465382874011993,0.05608620122075081,0.07823929190635681,0.11349529027938843,0.10758746415376663,0.0842413455247879
03228690,48.85673293,-0.016945447,2023-07-04,7.0,0.016702355816960335,0.014657532796263695,0.0333537831902504,0.09464498609304428,0.06832712888717651,0.035764023661613464
03232450,49.057335033,0.114931442,2023-07-04,1.8,0.010089149698615074,0.011886963620781898,0.031510129570961,0.09633838385343552,0.056744471192359924,0.02748032845556736
03078600,48.652992732,2.693566077,2023-07-05,1.33,0.04695834591984749,0.043976422399282455,0.06667827814817429,0.1087384819984436,0.07638291269540787,0.05215571075677872
03051500,48.558880551,2.740991008,2023-07-05,5.64,0.07767906039953232,0.06797444075345993,0.09042419493198395,0.11830560863018036,0.09284717589616776,0.07598311454057693
03078510,48.720944937,2.746345507,2023-07-05,11.0,0.1278243362903595,0.11576803028583527,0.14000287652015686,0.16158553957939148,0.12476219981908798,0.10188081115484238
03137685,49.155172391,2.383927848,2023-07-05,2.3,0.2572453022003174,0.23309959471225739,0.2568034827709198,0.27130186557769775,0.17740555107593536,0.12907083332538605
03233980,48.753659815,0.100385111,2023-07-05,21.0,0.01556025817990303,0.015595912002027035,0.03259874880313873,0.10556938499212265,0.07425659894943237,0.03616509586572647
03137810,49.133240368,2.415799153,2023-07-05,37.0,0.10506390780210495,0.09023575484752655,0.110091932117939,0.13831837475299835,0.12838201224803925,0.11009957641363144
03078920,48.671259061,2.583156653,2023-07-05,14.0,0.09083162993192673,0.08197753131389618,0.10494422912597656,0.12817956507205963,0.09956733882427216,0.07953544706106186
03082781,48.965004408,2.414234351,2023-07-05,120.0,0.01578180305659771,0.014835787005722523,0.03868229314684868,0.047442179173231125,0.028734469786286354,0.01623380370438099
03079622,48.720465672,2.543070909,2023-07-05,2.6,0.1077275201678276,0.09200683236122131,0.1137792319059372,0.13064329326152802,0.11364936828613281,0.09431777149438858
03083125,49.015277837,2.288865251,2023-07-05,190.0,0.007086851168423891,0.007560495752841234,0.03336396813392639,0.03444367274641991,0.019861262291669846,0.01118540856987238
03082758,48.976213959,2.422659553,2023-07-05,2.9,0.02083147130906582,0.019853625446558,0.04107216000556946,0.08356653153896332,0.05534135922789574,0.031031394377350807
03079850,48.710829764,2.464530637,2023-07-05,7.7,0.02487146109342575,0.02290939725935459,0.051869235932826996,0.06771088391542435,0.046903595328330994,0.040028106421232224
03137623,49.150556685,2.539223787,2023-07-05,6.7,0.059293489903211594,0.05409484729170799,0.07685146480798721,0.11541534215211868,0.08342010527849197,0.05560746043920517
03189395,48.582799223,1.602326287,2023-07-05,3.7,0.15915238857269287,0.13751749694347382,0.15825475752353668,0.1881580352783203,0.18669384717941284,0.1466720849275589
03082805,48.94804788,2.471099588,2023-07-05,13.0,0.0384187288582325,0.031772419810295105,0.05410631746053696,0.05894972011446953,0.0746118426322937,0.05917634814977646
03079920,48.715221027,2.451097224,2023-07-05,8.5,0.038204822689294815,0.03480782359838486,0.058035530149936676,0.08141475915908813,0.05949975550174713,0.03847220540046692
03189398,48.561225134,1.625549517,2023-07-05,24.3,0.020566636696457863,0.01666288636624813,0.03559977933764458,0.09443872421979904,0.06712519377470016,0.0342756062746048
03189828,48.637250851,1.536781285,2023-07-06,3.4,0.12297583371400833,0.10550699383020401,0.12863539159297943,0.1572781801223755,0.16192041337490082,0.12420578300952911
03122008,48.745962695,2.229481058,2023-07-06,25.0,0.04655473306775093,0.04124277085065842,0.06090668588876724,0.0987473651766777,0.06176994368433952,0.04199398681521416
03189615,48.672351429,1.733750255,2023-07-06,19.0,0.002620326355099678,0.004397768992930651,0.026223642751574516,0.09621871262788773,0.041000861674547195,0.014220812357962132
03063650,48.74773613,2.433822466,2023-07-06,1.8,0.02447548322379589,0.025233061984181404,0.05239253118634224,0.04797821491956711,0.028490008786320686,0.019329048693180084
03189545,48.61186768,1.688556373,2023-07-06,30.0,0.020183391869068146,0.018722988665103912,0.042652253061532974,0.06202714145183563,0.03833597153425217,0.018572745844721794
03189675,48.61322645,1.625569321,2023-07-06,13.0,0.02799726277589798,0.02281772531569004,0.041352272033691406,0.10069414228200912,0.0825263038277626,0.04402735084295273
03189490,48.59199775,1.731176879,2023-07-06,9.9,0.004753002431243658,0.0040527209639549255,0.027680227532982826,0.033604610711336136,0.01799214817583561,0.00806979276239872
03189460,48.608825065,1.808190295,2023-07-06,17.0,0.019001826643943787,0.01544057484716177,0.03387835994362831,0.0832252949476242,0.07135489583015442,0.03808514028787613
03076000,48.705001583,2.03760784,2023-07-06,30.0,0.04168203845620155,0.03611798584461212,0.05717354640364647,0.09249066561460495,0.0645761638879776,0.045198727399110794
03189515,48.635709418,1.771406199,2023-07-06,36.0,0.004457611124962568,0.0065406309440732,0.02729698270559311,0.09665033221244812,0.047052569687366486,0.018941983580589294
03063000,48.71866825,2.41559629,2023-07-06,2.0,0.024092238396406174,0.023156406357884407,0.04708312451839447,0.04137391969561577,0.02866826206445694,0.02559211477637291
03189875,48.653273277,1.581544124,2023-07-06,18.0,0.023125849664211273,0.02025596797466278,0.039032429456710815,0.09702849388122559,0.07568644732236862,0.04748164489865303
03189900,48.662783096,1.55749168,2023-07-06,9.3,0.10021159052848816,0.07971243560314178,0.09558208286762238,0.14512765407562256,0.14908234775066376,0.11398040503263474
03189642,48.619771857,1.678466493,2023-07-06,6.5,0.03202451765537262,0.027499428018927574,0.04850787669420242,0.07652551680803299,0.06034519150853157,0.033725567162036896
03189652,48.59810141,1.667335175,2023-07-06,4.8,0.010690118186175823,0.011969724670052528,0.03189210593700409,0.10510210692882538,0.05336528643965721,0.023179326206445694
03193510,48.629495473,1.132646844,2023-07-07,19.0,0.2647217810153961,0.23035448789596558,0.24814291298389435,0.28739815950393677,0.24556459486484528,0.18724767863750458
03081000,48.832587164,2.381542365,2023-07-07,1.5,0.0153387151658535,0.015727054327726364,0.04055013135075569,0.014402886852622032,0.016051730141043663,0.012656000442802906
03193520,48.65040125,1.237363811,2023-07-07,3.3,0.014612969011068344,0.01518338080495596,0.034579914063215256,0.10993914306163788,0.0655476450920105,0.03140827268362045
03172000,48.980760416,1.723781232,2023-07-07,8.9,0.04062270745635033,0.03674441948533058,0.06202585995197296,0.0792107805609703,0.06517204642295837,0.041788991540670395
03189985,48.702163348,1.46766911,2023-07-07,9.8,0.07678907364606857,0.06184123829007149,0.07862253487110138,0.10716728866100311,0.1138734519481659,0.0922703966498375
03193441,48.624975593,1.164081887,2023-07-07,1.3,0.0774422436952591,0.06257845461368561,0.082526296377182,0.10375246405601501,0.11324447393417358,0.091621033847332
03189975,48.685055537,1.449108399,2023-07-07,4.5,0.19287414848804474,0.1675901561975479,0.18646465241909027,0.22078481316566467,0.20936258137226105,0.15891939401626587
03171880,48.927454966,1.692040381,2023-07-07,11.0,0.022136541083455086,0.017967956140637398,0.037835586816072464,0.08488306403160095,0.07181071490049362,0.04561762884259224
03168230,48.792491132,1.887146274,2023-07-07,5.5,0.028577858582139015,0.02262801118195057,0.04233139380812645,0.10721822082996368,0.06909362226724625,0.04045845940709114
03070440,48.608188711,2.480764387,2023-07-07,1.5,0.06798462569713593,0.05590667203068733,0.07301392406225204,0.08917514979839325,0.08849269151687622,0.07241804152727127
03168995,48.856991973,1.875845721,2023-07-07,6.6,0.03039095364511013,0.02579583413898945,0.046260613948106766,0.08702592551708221,0.07007401436567307,0.04775157570838928
03194180,48.760749775,1.410257924,2023-07-07,10.0,0.13939043879508972,0.12608762085437775,0.15265123546123505,0.18814533948898315,0.17795686423778534,0.12076040357351303
03168690,48.813156981,1.860979176,2023-07-07,7.6,0.04809025302529335,0.039889320731163025,0.06058073416352272,0.110324926674366,0.09253141283988953,0.06145290285348892
03050000,48.632777937,2.465777053,2023-07-07,7.1,0.010928213596343994,0.012636902742087841,0.03302910551428795,0.10650266706943512,0.04951246827840805,0.020073892548680305
03069325,48.563454718,2.379568449,2023-07-07,5.6,0.0225223321467638,0.017033398151397705,0.0352814681828022,0.09997094422578812,0.07371802628040314,0.039186492562294006
03063650,48.74773613,2.433822466,2023-07-10,6.3,0.02447548322379589,0.025233061984181404,0.05239253118634224,0.04797821491956711,0.028490008786320686,0.019329048693180084
03194543,48.717523172,0.973817975,2023-07-10,0.95,0.010444384068250656,0.007822783663868904,0.03294888883829117,0.026766039431095123,0.0213254913687706,0.010818716138601303
03174211,49.307636569,1.158427479,2023-07-10,4.3,0.010094242170453072,0.00887957215309143,0.034070614725351334,0.01973903365433216,0.015570445917546749,0.010106975212693214
03194415,48.625589875,0.917736372,2023-07-10,23.0,0.016129396855831146,0.012899190187454224,0.03471105545759201,0.0575287826359272,0.044242531061172485,0.024742860347032547
03194620,48.728570488,1.010639369,2023-07-10,1.5,0.28195759654045105,0.2453990876674652,0.2630614638328552,0.28888529539108276,0.2064990997314453,0.16020917892456055
03194540,48.650148851,0.8470675,2023-07-10,2.2,0.022639470174908638,0.01699647307395935,0.035725828260183334,0.08716470748186111,0.07770198583602905,0.04180936515331268
03194350,48.698642677,0.829382503,2023-07-10,11.0,0.0268093291670084,0.021460451185703278,0.04044700041413307,0.09872062504291534,0.078670933842659,0.04047501087188721
03127370,49.021328188,1.611228878,2023-07-10,5.5,0.23041178286075592,0.19146211445331573,0.20155254006385803,0.23905834555625916,0.23705682158470154,0.19318607449531555
03194362,48.637014166,0.793598238,2023-07-10,9.8,0.02097661979496479,0.01739499717950821,0.03720787912607193,0.07347610592842102,0.06284837424755096,0.035862065851688385
03185000,49.51430907,0.676982203,2023-07-10,24.0,0.023202242329716682,0.020112089812755585,0.04019107669591904,0.02493894286453724,0.020417671650648117,0.014172430150210857
03063000,48.71866825,2.41559629,2023-07-10,3.3,0.024092238396406174,0.023156406357884407,0.04708312451839447,0.04137391969561577,0.02866826206445694,0.02559211477637291
03127550,49.064093206,1.70146004,2023-07-10,11.0,0.021622152999043465,0.017802434042096138,0.03841618075966835,0.07264340668916702,0.06714174151420593,0.04529167711734772
03128000,49.037038769,1.571974513,2023-07-10,7.4,0.00620067585259676,0.006448958069086075,0.03320353850722313,0.009448710829019547,0.006182850804179907,0.004222062416374683
03183000,49.338593064,1.096833459,2023-07-10,5.7,0.016876788809895515,0.016680710017681122,0.03945005312561989,0.04174697771668434,0.032691698521375656,0.0216030552983284
03194250,48.65829916,0.682408231,2023-07-10,12.0,0.006503707263618708,0.008850287646055222,0.02880959026515484,0.0988021194934845,0.049787487834692,0.020634116604924202
03126055,49.013393298,1.908525711,2023-07-10,8.6,0.15662500262260437,0.1439257264137268,0.17119979858398438,0.17977122962474823,0.15087632834911346,0.11765369772911072
03126000,48.999766343,1.907226554,2023-07-10,6.8,0.20571349561214447,0.1826857030391693,0.2027391940355301,0.23199188709259033,0.20706821978092194,0.17049823701381683
03184000,49.351943837,0.934013574,2023-07-10,7.5,0.022058876231312752,0.02161833457648754,0.047486744821071625,0.041580185294151306,0.027179842814803123,0.014503471553325653
03186500,49.428194481,0.242462064,2023-07-10,98.0,0.06937626749277115,0.05193798616528511,0.06847609579563141,0.07686928659677505,0.07910127937793732,0.06391534954309464
03186000,49.475393854,0.463982177,2023-07-10,166.0,0.0069327885285019875,0.005867087282240391,0.030380768701434135,0.0083358995616436,0.0038286312483251095,0.002452259184792638
03126088,49.013594913,1.900072572,2023-07-10,13.0,0.13341639935970306,0.12113219499588013,0.14482589066028595,0.16564974188804626,0.1420578807592392,0.1133132204413414
03196080,48.783773568,1.362785283,2023-07-11,2.0,0.03173549473285675,0.02527889795601368,0.044956814497709274,0.08439286053180695,0.08492252230644226,0.05466526001691818
03195417,48.762611621,1.261745159,2023-07-11,2.6,0.09279751032590866,0.0833844542503357,0.10899822413921356,0.13859084248542786,0.121554896235466,0.07914456725120544
03207028,49.494641929,0.548994992,2023-07-11,3.7,0.007764214184135199,0.007159425411373377,0.030194876715540886,0.029405467212200165,0.018309185281395912,0.009148226119577885
03185163,49.473746811,0.638661831,2023-07-11,3.7,0.02546478807926178,0.021847518160939217,0.04104287549853325,0.09508933871984482,0.07052092254161835,0.0348256453871727
03194880,48.759967512,1.13306854,2023-07-11,0.8,0.023118209093809128,0.017210379242897034,0.03641592338681221,0.09489835798740387,0.06350155174732208,0.03076019324362278
03185625,49.472323967,0.5776001,2023-07-11,3.5,0.01638150028884411,0.01861858181655407,0.03728426992893219,0.11774155497550964,0.06897266209125519,0.035849329084157944
03190080,48.776759415,1.379921663,2023-07-11,1.8,0.0066743213683366776,0.006214682012796402,0.03160944581031799,0.031273309141397476,0.016862785443663597,0.00840974785387516
03195348,48.759680835,1.239160072,2023-07-11,4.3,0.14518876373767853,0.1263321042060852,0.14811085164546967,0.1821814775466919,0.17243610322475433,0.12360354512929916
03196000,48.783266171,1.363629533,2023-07-11,3.9,0.02217346429824829,0.020049702376127243,0.03945132717490196,0.0966210588812828,0.070696622133255,0.03850148990750313
03194725,48.64844506,1.012573121,2023-07-11,40.0,0.024602806195616722,0.01785081811249256,0.037372127175331116,0.082125224173069,0.0752217173576355,0.04505103453993797
03190300,48.843316282,1.380537311,2023-07-11,2.9,0.22866235673427582,0.19963759183883667,0.21933841705322266,0.2440812736749649,0.22040796279907227,0.1694541573524475
03185161,49.490521957,0.659423045,2023-07-11,4.1,0.006990084424614906,0.008955965749919415,0.03055647388100624,0.09872062504291534,0.043414920568466187,0.01825825497508049
03195610,48.774588597,1.253329459,2023-07-11,7.6,0.21764501929283142,0.19642265141010284,0.22420728206634521,0.24617066979408264,0.1841231733560562,0.13646072149276733
03185805,49.499850334,0.5826814,2023-07-11,5.7,0.008687312714755535,0.010933308862149715,0.031061949208378792,0.10217619687318802,0.058375488966703415,0.02565068192780018
03190650,48.74225263,1.58754498,2023-07-12,9.2,0.023944541811943054,0.018516721203923225,0.03841108828783035,0.08063043653964996,0.07223597168922424,0.04140956699848175
03190412,48.726976767,1.674476258,2023-07-12,56.0,0.00864911638200283,0.008530705235898495,0.029163550585508347,0.0809754878282547,0.05675847455859184,0.026301309466362
03190621,48.788781668,1.636763179,2023-07-12,42.0,0.0378635972738266,0.03186027333140373,0.05098433047533035,0.10978634655475616,0.09045093506574631,0.05324941501021385
03190545,48.757467195,1.735495096,2023-07-12,11.0,0.003426286857575178,0.004997464828193188,0.0268118754029274,0.08663631230592728,0.03869247809052467,0.01494273915886879
03079920,48.715221027,2.451097224,2023-07-12,4.3,0.038204822689294815,0.03480782359838486,0.058035530149936676,0.08141475915908813,0.05949975550174713,0.03847220540046692
03190719,48.794001593,1.597362293,2023-07-12,9.1,0.014727561734616756,0.011744361370801926,0.03421958535909653,0.05034007504582405,0.03429980203509331,0.02058955654501915
03190790,48.866978696,1.466283902,2023-07-12,2.3,0.008612191304564476,0.009522558189928532,0.033314310014247894,0.07668466866016388,0.0274484995752573,0.011892056092619896
03190610,48.775133834,1.642890177,2023-07-12,19.0,0.036736778914928436,0.02170109562575817,0.039381299167871475,0.07544580847024918,0.07452653348445892,0.04175207018852234
03190735,48.816520778,1.562909369,2023-07-12,8.7,0.031881917268037796,0.024935120716691017,0.04451245442032814,0.09547513723373413,0.07972007244825363,0.04484986141324043
03190636,48.798387513,1.626669617,2023-07-12,11.0,0.02327226847410202,0.014880349859595299,0.03504464775323868,0.043104253709316254,0.036987610161304474,0.021256733685731888
03193000,49.287347104,1.209558025,2023-07-17,1.3,0.029788710176944733,0.02696594037115574,0.05040755122900009,0.08112318813800812,0.06554383039474487,0.0370754636824131
03180100,49.353519128,1.325227245,2023-07-17,2.3,0.006625938229262829,0.008949600160121918,0.029443664476275444,0.10044077038764954,0.05127972736954689,0.022113623097538948
03178325,49.582218747,1.492656983,2023-07-17,1.2,0.021739289164543152,0.018927980214357376,0.03825193643569946,0.09002695232629776,0.06893700361251831,0.03645921126008034
03222000,49.347885831,0.565379045,2023-07-17,1.8,0.06465382874011993,0.05608620122075081,0.07823929190635681,0.11349529027938843,0.10758746415376663,0.0842413455247879
03162700,49.364273167,2.445801387,2023-07-17,4.9,0.08741298317909241,0.07800247520208359,0.10005497932434082,0.14259518682956696,0.11880598217248917,0.0962696373462677
03174000,49.310144107,1.23665644,2023-07-17,7.1,0.01704994961619377,0.014982209540903568,0.03845692798495293,0.02037055976688862,0.020730886608362198,0.016250357031822205
03162430,49.384245963,2.42453437,2023-07-17,5.0,0.1340937465429306,0.11971762031316757,0.14302171766757965,0.16827133297920227,0.15209737420082092,0.1248258575797081
03228000,49.304033679,0.147636705,2023-07-17,200.0,0.013277340680360794,0.016082286834716797,0.03498862311244011,0.1132088154554367,0.06585704535245895,0.030994469299912453
03162900,49.330853658,2.456132232,2023-07-17,17.0,0.024508586153388023,0.022771889343857765,0.043562617152929306,0.09368878602981567,0.07066097110509872,0.0450994148850441
03179000,49.444504817,1.383635171,2023-07-17,2.2,0.04934949427843094,0.04419032111763954,0.06572462618350983,0.11693941056728363,0.09407457709312439,0.061899811029434204
03120350,49.001154344,2.706450727,2023-07-19,5.5,0.10830684751272202,0.09655611962080002,0.12313244491815567,0.14389771223068237,0.12066236138343811,0.09527906775474548
03184370,49.480203856,0.876848475,2023-07-19,30.0,0.009903255850076675,0.009634602814912796,0.03214547783136368,0.007055020425468683,0.0022154366597533226,0.001170107163488865
03121398,48.956059654,2.653136607,2023-07-19,7.7,0.14834259450435638,0.12937895953655243,0.15303702652454376,0.1807643473148346,0.15572483837604523,0.12027274072170258
03185000,49.51430907,0.676982203,2023-07-19,62.0,0.023202242329716682,0.020112089812755585,0.04019107669591904,0.02493894286453724,0.020417671650648117,0.014172430150210857
03178000,49.119980322,1.64512256,2023-07-19,1.2,0.014663897454738617,0.01265854574739933,0.035197433084249496,0.05027003586292267,0.037041086703538895,0.019789962098002434
03183000,49.338593064,1.096833459,2023-07-19,4.6,0.016876788809895515,0.016680710017681122,0.03945005312561989,0.04174697771668434,0.032691698521375656,0.0216030552983284
03183460,49.442875053,1.069786808,2023-07-19,15.0,0.005668461788445711,0.00543927913531661,0.030859503895044327,0.0038439100608229637,0.005883639678359032,0.0066450368613004684
03174695,49.533033958,1.686726922,2023-07-19,4.4,0.01744847372174263,0.018230242654681206,0.040077757090330124,0.07835642993450165,0.041529253125190735,0.022131450474262238
03184000,49.351943837,0.934013574,2023-07-19,22.0,0.022058876231312752,0.02161833457648754,0.047486744821071625,0.041580185294151306,0.027179842814803123,0.014503471553325653
03176945,49.272943786,1.735234082,2023-07-19,2.0,0.019745398312807083,0.016704902052879333,0.03674314543604851,0.07600094377994537,0.06081373989582062,0.03784959390759468
03183730,49.379279835,1.008118349,2023-07-19,9.9,0.014449993148446083,0.015616281889379025,0.03859316185116768,0.011867864988744259,0.008986524306237698,0.006726524326950312
03174565,49.609348193,1.574099645,2023-07-19,2.2,0.010799616575241089,0.011408225633203983,0.0315992571413517,0.08374860137701035,0.05549924075603485,0.028782853856682777
03175000,49.402144486,1.710863384,2023-07-19,1.4,0.013244236819446087,0.012218005955219269,0.03549791872501373,0.051549650728702545,0.029975876212120056,0.017038490623235703
03177760,49.152872809,1.699672787,2023-07-19,4.5,0.05287381261587143,0.04771210253238678,0.07110406458377838,0.12105579674243927,0.09417134523391724,0.053800731897354126
03112234,48.789212114,2.632930475,2023-07-19,6.7,0.03808004781603813,0.036739327013492584,0.06079591438174248,0.0992974117398262,0.06497468799352646,0.03971616178750992
03184760,49.447614745,0.816866942,2023-07-19,51.0,0.018232788890600204,0.016633599996566772,0.036978695541620255,0.010932033881545067,0.002936090575531125,0.001457859412766993
03174211,49.307636569,1.158427479,2023-07-19,5.4,0.010094242170453072,0.00887957215309143,0.034070614725351334,0.01973903365433216,0.015570445917546749,0.010106975212693214
03186234,49.441588062,0.368200416,2023-07-19,45.0,0.031378988176584244,0.027652215212583542,0.04591938480734825,0.017071595415472984,0.004504721146076918,0.0033116957638412714
03186500,49.428194481,0.242462064,2023-07-19,41.0,0.06937626749277115,0.05193798616528511,0.06847609579563141,0.07686928659677505,0.07910127937793732,0.06391534954309464
03186000,49.475393854,0.463982177,2023-07-19,33.0,0.0069327885285019875,0.005867087282240391,0.030380768701434135,0.0083358995616436,0.0038286312483251095,0.002452259184792638
03176745,49.268537606,1.742046688,2023-07-19,1.2,0.009225892834365368,0.00951746478676796,0.030901523306965828,0.08454056084156036,0.04592829570174217,0.021353499963879585
03121028,48.934834113,2.732649698,2023-07-19,47.0,0.04705129563808441,0.04100976884365082,0.06329146027565002,0.10836159437894821,0.07743842899799347,0.046498704701662064
03079920,48.715221027,2.451097224,2023-07-19,6.3,0.038204822689294815,0.03480782359838486,0.058035530149936676,0.08141475915908813,0.05949975550174713,0.03847220540046692
03111000,48.862013474,2.644357798,2023-07-20,4.9,0.11792998015880585,0.10848892480134964,0.13590049743652344,0.1510278582572937,0.12328523397445679,0.09909877926111221
03120800,48.964813896,2.677333642,2023-07-20,10.0,0.07514913380146027,0.06745114177465439,0.09229204058647156,0.11529693007469177,0.08922863006591797,0.0659741759300232
03112480,48.816895156,2.41962979,2023-07-20,4.3,0.015933319926261902,0.015327257104218006,0.04125932231545448,0.024068046361207962,0.020576825365424156,0.015529701486229897
03080660,48.814653807,2.410053858,2023-07-20,7.0,0.06130011007189751,0.05536554753780365,0.08024083077907562,0.07902997732162476,0.0772538110613823,0.06288020312786102
03112000,48.820237175,2.46916825,2023-07-20,2.9,0.06244475394487381,0.0543074831366539,0.07792480289936066,0.07724616676568985,0.08298593759536743,0.07378295063972473
03135000,49.311824881,2.724166977,2023-07-21,4.4,0.2777508497238159,0.2503812611103058,0.27394768595695496,0.2925904393196106,0.1960674226284027,0.1389893740415573
03119000,48.895727741,2.827438019,2023-07-21,4.9,0.13195472955703735,0.11813242733478546,0.14436626434326172,0.17287027835845947,0.14758500456809998,0.10908862203359604
03136000,49.302897335,2.604164303,2023-07-21,5.6,0.0666184350848198,0.05999249964952469,0.08424388617277145,0.09790830314159393,0.08462077379226685,0.06303299218416214
03134800,49.307190494,2.773697696,2023-07-21,3.5,0.2143409550189972,0.19254691898822784,0.21495084464550018,0.23865345120429993,0.19642139971256256,0.15161481499671936
03156000,49.436146948,2.876470159,2023-07-21,10.0,0.0833297073841095,0.0769762396812439,0.10393326729536057,0.11043825000524521,0.0827694833278656,0.05682212859392166
03134000,49.398299087,2.787097305,2023-07-21,7.2,0.0809258297085762,0.07496961951255798,0.09926047176122665,0.12122131139039993,0.10171783715486526,0.07947306334972382
03133937,49.439814713,2.852919664,2023-07-21,0.12,0.015227943658828735,0.014498377218842506,0.03721297159790993,0.0719953253865242,0.0386466383934021,0.0188426710665226
03133850,49.441517993,2.864520634,2023-07-21,6.3,0.1300843358039856,0.1166682168841362,0.1420820653438568,0.16261814534664154,0.13086992502212524,0.09331189841032028
03134730,49.27060547,2.850035544,2023-07-21,3.0,0.14335402846336365,0.12886075675487518,0.15396648645401,0.17437905073165894,0.1409323364496231,0.1029503270983696
03191700,49.114401024,1.208875148,2023-07-24,2.7,0.011622129939496517,0.01242045033723116,0.03245360031723976,0.08414967358112335,0.049717456102371216,0.02430105023086071
03190922,48.956378487,1.464671059,2023-07-24,10.0,0.016713814809918404,0.013725521974265575,0.03585060313344002,0.057713404297828674,0.0437115877866745,0.021867889910936356
03191350,49.097119133,1.332689544,2023-07-24,8.8,0.10166434943675995,0.090054951608181,0.1160736009478569,0.13343805074691772,0.10756073892116547,0.08279749006032944
03190870,48.914443433,1.515554428,2023-07-24,4.6,0.022962873801589012,0.020073892548680305,0.038964949548244476,0.09439161419868469,0.07965259253978729,0.04932911694049835
03125000,48.93678189,2.038835044,2023-07-24,4.5,0.01814620941877365,0.01719764620065689,0.041922684758901596,0.02057809568941593,0.01903492957353592,0.014500925317406654
03082000,48.866707755,2.229494609,2023-07-24,4.4,0.14664025604724884,0.1354764997959137,0.16320638358592987,0.1696183979511261,0.13808538019657135,0.11244869232177734
03082560,48.912880127,2.31046707,2023-07-24,6.1,0.06963474303483963,0.06073988974094391,0.08242188394069672,0.08203482627868652,0.08783188462257385,0.07604295015335083
03191372,49.072518339,1.284707167,2023-07-24,1.6,0.015895122662186623,0.01448182575404644,0.03357914835214615,0.08943489193916321,0.06546997278928757,0.03449206054210663
03134795,49.29916737,2.79538478,2023-07-24,3.0,0.13842914998531342,0.12388747930526733,0.14987429976463318,0.16755449771881104,0.13886713981628418,0.10411915928125381
03141490,48.988842829,2.072019717,2023-07-24,1.9,0.07796046137809753,0.07079975306987762,0.09722712635993958,0.10758747160434723,0.10018740594387054,0.0844896212220192
03191000,49.031889411,1.36078868,2023-07-24,1.6,0.03632042929530144,0.03136371076107025,0.05416615307331085,0.08516445010900497,0.0718514546751976,0.04849005118012428
03083450,48.920402018,2.220389022,2023-07-24,5.1,0.10358184576034546,0.08830807358026505,0.10715710371732712,0.10632568597793579,0.11549174040555954,0.10549935698509216
03134728,49.257596954,2.830746918,2023-07-24,24.0,0.1436137706041336,0.12989208102226257,0.15645694732666016,0.16810068488121033,0.13072095811367035,0.09491109102964401
03085000,48.988638724,2.082900235,2023-07-24,4.5,0.07859961688518524,0.06964875012636185,0.09465644508600235,0.10223986953496933,0.10209597647190094,0.08615884184837341
03084470,48.944448349,2.157759113,2023-07-24,3.6,0.01116630993783474,0.011480800807476044,0.03729064017534256,0.015280148014426231,0.012839347124099731,0.00927555002272129
03190954,49.071870215,1.358632225,2023-07-24,15.0,0.10235443711280823,0.08559735119342804,0.10524597018957138,0.1306190937757492,0.11962085962295532,0.09489326179027557
03196450,48.689633217,0.601481979,2023-07-25,21.0,0.020514436066150665,0.01662086881697178,0.03720405697822571,0.06395737081766129,0.06366197764873505,0.04141338914632797
03198530,48.963460354,0.954013871,2023-07-25,0.93,0.08693934231996536,0.06545597314834595,0.08122376352548599,0.1245826706290245,0.13306881487369537,0.11055538058280945
03200070,49.155591071,1.177217416,2023-07-25,5.2,0.2398044764995575,0.21385841071605682,0.23547418415546417,0.2822211980819702,0.22973951697349548,0.17525885999202728
03198750,48.997250361,1.076041698,2023-07-25,1.2,0.019323956221342087,0.017603809013962746,0.03799346834421158,0.08461949229240417,0.07308140397071838,0.040415167808532715
03197000,48.764813129,0.761750555,2023-07-25,8.5,0.017970500513911247,0.01574105955660343,0.034880395978689194,0.09996458142995834,0.07388482242822647,0.03660436347126961
03199200,49.080181101,1.151869305,2023-07-25,2.6,0.013947064988315105,0.013212405145168304,0.032962899655103683,0.10692283511161804,0.0635702982544899,0.030445704236626625
03198000,48.841392438,0.983489769,2023-07-25,7.8,0.004401588812470436,0.004261532332748175,0.029490770772099495,0.032998546957969666,0.013649126514792442,0.004862501751631498
03192400,49.190746804,1.16802209,2023-07-25,2.1,0.03699779137969017,0.030182141810655594,0.05216716602444649,0.07393192499876022,0.06696221232414246,0.05116894841194153
03196400,48.65235174,0.568218071,2023-07-25,8.3,0.00610391004011035,0.007668721489608288,0.02807111106812954,0.09574505686759949,0.05109001323580742,0.021988844498991966
03192380,49.184900738,1.159749744,2023-07-25,9.6,0.02265474759042263,0.020047156140208244,0.04261277616024017,0.07317052781581879,0.05867469683289528,0.04240523651242256
03071770,48.624812245,2.281768676,2023-07-26,3.4,0.03137771785259247,0.02618289925158024,0.045531049370765686,0.07997217774391174,0.0722130537033081,0.04996701702475548
03071550,48.594748763,2.259655632,2023-07-26,16.0,0.017456112429499626,0.014171156100928783,0.0354202501475811,0.06685653328895569,0.05703603848814964,0.03460028022527695
03224400,49.341364477,0.320720144,2023-07-26,3.7,0.030574297532439232,0.025505535304546356,0.04508286342024803,0.06967676430940628,0.05728559195995331,0.03888345882296562
03219780,48.838889125,0.723226794,2023-07-26,2.6,0.014849793165922165,0.012983221560716629,0.033293940126895905,0.08417513966560364,0.06214555352926254,0.03079329803586006
03073000,48.67090001,2.355070504,2023-07-26,12.0,0.017712034285068512,0.014062928967177868,0.03614345192909241,0.057996056973934174,0.04876634478569031,0.03131277859210968
03075260,48.589186213,2.111903184,2023-07-26,6.7,0.008724236860871315,0.00883373524993658,0.029339255765080452,0.08698900043964386,0.04872305318713188,0.02155594527721405
03075000,48.569061256,2.033286379,2023-07-26,16.0,0.013125825673341751,0.011647595092654228,0.03180043026804924,0.09551715105772018,0.061082396656274796,0.03190993145108223
03225030,49.374276995,0.260291688,2023-07-26,3.1,0.015798356384038925,0.01545967347919941,0.03376758471131325,0.0966707170009613,0.06228305399417877,0.031193094328045845
03223500,49.093700417,0.641809627,2023-07-26,1.2,0.18040022253990173,0.15173068642616272,0.171025350689888,0.19782066345214844,0.18705034255981445,0.16105714440345764
03225015,49.421624077,0.344143472,2023-07-26,1.7,0.013035425916314125,0.015189748257398605,0.0327986516058445,0.10959408432245255,0.06929223984479904,0.03249434754252434
03079920,48.715221027,2.451097224,2023-07-26,16.0,0.038204822689294815,0.03480782359838486,0.058035530149936676,0.08141475915908813,0.05949975550174713,0.03847220540046692
03077000,48.675707977,2.337870507,2023-07-26,7.2,0.016726547852158546,0.014774671755731106,0.03650759533047676,0.06781528145074844,0.04893951117992401,0.02780882641673088
03075400,48.583942335,2.206211381,2023-07-26,8.5,0.02210216596722603,0.01880192942917347,0.03680553287267685,0.09513646364212036,0.0730062872171402,0.03935965150594711
03223200,49.016032414,0.553416839,2023-07-26,1.3,0.010044586844742298,0.011893329210579395,0.03194303438067436,0.11102902144193649,0.05829017981886864,0.025685062631964684
03222275,49.369972976,0.47947984,2023-07-26,1.9,0.014102400280535221,0.016436247155070305,0.038439102470874786,0.09524977952241898,0.051460523158311844,0.02501661144196987
03219550,48.774631428,0.647618306,2023-07-26,6.3,0.019303584471344948,0.016604317352175713,0.035790763795375824,0.08891540765762329,0.07263831794261932,0.039446230977773666
03221500,49.153236289,0.729344844,2023-07-26,3.0,0.01557935867458582,0.015751246362924576,0.03577548637986183,0.08669233322143555,0.058366574347019196,0.02966393530368805
03198505,48.749885668,0.660367449,2023-07-26,7.3,0.01178128644824028,0.01126562338322401,0.03101738914847374,0.09607356786727905,0.06325072050094604,0.029828181490302086
03222480,48.863134308,0.495838984,2023-07-26,3.1,0.009104935452342033,0.010946040041744709,0.03031710349023342,0.10611177235841751,0.065508171916008,0.029615554958581924
03200435,49.439646172,1.129854272,2023-07-27,9.3,0.1183934435248375,0.0922945886850357,0.0999365746974945,0.14042049646377563,0.16979412734508514,0.13276450335979462
03076220,48.704586664,2.089013491,2023-07-27,22.0,0.030744915828108788,0.030047180131077766,0.05324942246079445,0.1063995286822319,0.05637013539671898,0.03140700235962868
03076443,48.702736149,2.131553991,2023-07-27,11.0,0.02009044587612152,0.017156904563307762,0.039815474301576614,0.06116897612810135,0.044153399765491486,0.028132226318120956
03162240,49.414997738,2.35701448,2023-07-27,1.6,0.19420847296714783,0.17440706491470337,0.1991754025220871,0.2206600308418274,0.1801442950963974,0.14036574959754944
03203750,49.515478187,0.918031624,2023-07-27,0.6,0.04630771651864052,0.03912283107638359,0.05879311263561249,0.1152167096734047,0.09783318638801575,0.06893955171108246
03081001,48.749915193,2.318907541,2023-07-27,20.0,0.13151800632476807,0.11497735232114792,0.13655239343643188,0.1517115831375122,0.13832856714725494,0.11045097559690475
03205000,49.523824609,0.75106503,2023-07-27,0.8,0.008017588406801224,0.011291087605059147,0.030398592352867126,0.09251612424850464,0.04952392727136612,0.02227150648832321
03122008,48.745962695,2.229481058,2023-07-27,20.0,0.04655473306775093,0.04124277085065842,0.06090668588876724,0.0987473651766777,0.06176994368433952,0.04199398681521416
03163000,49.323720552,2.449166117,2023-07-27,4.5,0.020469870418310165,0.019377432763576508,0.040383338928222656,0.10812858492136002,0.06307501345872879,0.034714873880147934
03201650,49.560938001,1.075216796,2023-07-27,0.8,0.0074395383708179,0.010210108011960983,0.03191502019762993,0.07828895002603531,0.032862309366464615,0.013400845229625702
03206150,49.577379761,0.497396868,2023-07-27,0.8,0.01676856353878975,0.015138817951083183,0.03445640951395035,0.07898032665252686,0.061628613620996475,0.035728372633457184
03076899,48.684688562,2.319349737,2023-07-27,3.7,0.01485997810959816,0.013510343618690968,0.03391655534505844,0.09390523284673691,0.05921964719891548,0.03094353899359703
03202250,49.50839983,1.036954004,2023-07-27,5.3,0.008823549374938011,0.007500654086470604,0.03168711066246033,0.024680472910404205,0.019828159362077713,0.013845205307006836
03073350,48.711677721,2.400737481,2023-07-27,6.3,0.02407059445977211,0.021382786333560944,0.04426035284996033,0.06397392600774765,0.05236707255244255,0.035649433732032776
03165020,49.399346778,2.181150228,2023-07-27,1.4,0.11595518887042999,0.10722076147794724,0.13573242723941803,0.15543708205223083,0.13042683899402618,0.10358184576034546
03182415,49.253700939,1.019278533,2023-07-27,50.0,0.12289179861545563,0.1024397686123848,0.11862645298242569,0.15685927867889404,0.14757484197616577,0.12344437837600708
03076000,48.705001583,2.03760784,2023-07-27,62.0,0.04168203845620155,0.03611798584461212,0.05717354640364647,0.09249066561460495,0.0645761638879776,0.045198727399110794
03163400,49.548754268,1.829895082,2023-07-27,5.4,0.008124541491270065,0.008433938026428223,0.033157702535390854,0.04660947620868683,0.020122278481721878,0.0089827049523592
03164180,49.432331763,1.936695367,2023-07-27,3.5,0.02922339178621769,0.028164057061076164,0.04980021342635155,0.1096208319067955,0.07705900073051453,0.0423785001039505
03206350,49.542474337,0.497342697,2023-07-27,3.3,0.018898693844676018,0.016548294574022293,0.03564688563346863,0.08301776647567749,0.06741803884506226,0.038656823337078094
03163750,49.546621268,1.982109356,2023-07-27,1.07,0.2261553555727005,0.20257622003555298,0.22516222298145294,0.25802960991859436,0.20983751118183136,0.1687653511762619
03122999,48.736500541,2.239316135,2023-07-27,4.0,0.018724258989095688,0.017113612964749336,0.03642992675304413,0.09507915377616882,0.06997724622488022,0.039933882653713226
03204000,49.484788747,0.873747359,2023-07-27,1.3,0.009700811468064785,0.009090930223464966,0.03220786899328232,0.03594864532351494,0.025272531434893608,0.013346096500754356
03203050,49.45343403,1.050952262,2023-07-27,0.5,0.037761736661195755,0.032333917915821075,0.05551578849554062,0.06736455857753754,0.06163879856467247,0.04219897836446762
03203660,49.532257043,0.938733848,2023-07-27,1.9,0.019550593569874763,0.017288045957684517,0.038565151393413544,0.07926680147647858,0.060388483107089996,0.03741795942187309
03137000,49.261973663,2.473972283,2023-07-27,1.6,0.09894470870494843,0.08654972910881042,0.10781282186508179,0.12204255908727646,0.11752636730670929,0.10697757452726364
03201260,49.560682268,1.126082524,2023-07-27,2.2,0.03120964579284191,0.03101738728582859,0.05100215598940849,0.11195468157529831,0.0759894847869873,0.04422597587108612
03201000,49.432717192,1.153457886,2023-07-27,1.2,0.02412024885416031,0.02041512168943882,0.04103778302669525,0.0702013298869133,0.06446411460638046,0.04098048806190491
03206000,49.52578485,0.726007342,2023-07-27,2.3,0.029917309060692787,0.021679449826478958,0.043053317815065384,0.05085955187678337,0.06700804829597473,0.05238998308777809
03207020,49.506210238,0.535889212,2023-07-27,4.9,0.008922862820327282,0.00964478962123394,0.031470660120248795,0.06078190729022026,0.03481164574623108,0.01797432266175747
03126511,48.971356621,1.808909092,2023-07-28,3.1,0.1443369835615158,0.1271953582763672,0.14892573654651642,0.17589548230171204,0.16516080498695374,0.1411258578300476
03166050,49.261985012,2.378094156,2023-07-28,7.2,0.11806239932775497,0.10563941299915314,0.1276753544807434,0.1623431146144867,0.14371690154075623,0.1279325634241104
03137290,49.213553763,2.423071229,2023-07-28,9.7,0.04303421825170517,0.03989950940012932,0.06489446759223938,0.06969713419675827,0.055169474333524704,0.04081878066062927
03168337,48.796852203,1.899633108,2023-07-28,6.4,0.02090531773865223,0.01804562285542488,0.03781012445688248,0.10972268134355545,0.07064315676689148,0.03646303340792656
03170100,48.967727806,1.823740694,2023-07-28,6.9,0.07356014102697372,0.05991356447339058,0.07750081270933151,0.12004739791154861,0.11162872612476349,0.08485250174999237
03219000,49.520729266,0.191331907,2023-07-28,18.0,0.02133185602724552,0.018200958147644997,0.038539689034223557,0.06836023181676865,0.060328640043735504,0.03798582777380943
03168230,48.792491132,1.887146274,2023-07-28,4.1,0.028577858582139015,0.02262801118195057,0.04233139380812645,0.10721822082996368,0.06909362226724625,0.04045845940709114
03137685,49.155172391,2.383927848,2023-07-28,7.9,0.2572453022003174,0.23309959471225739,0.2568034827709198,0.27130186557769775,0.17740555107593536,0.12907083332538605
03168995,48.856991973,1.875845721,2023-07-28,13.0,0.03039095364511013,0.02579583413898945,0.046260613948106766,0.08702592551708221,0.07007401436567307,0.04775157570838928
03168435,48.790813989,1.849664438,2023-07-28,10.0,0.026286032050848007,0.022004127502441406,0.042403966188430786,0.100318543612957,0.06351938098669052,0.03617400676012039
03171085,48.87046182,1.889514978,2023-07-28,19.0,0.013037972152233124,0.011431143619120121,0.03519615903496742,0.046540722250938416,0.031373895704746246,0.015572991222143173
03219015,49.521911077,0.180257583,2023-07-28,5.2,0.013637669384479523,0.013171661645174026,0.034074436873197556,0.07734675705432892,0.052825432270765305,0.028562581166625023
03166490,49.243811636,2.451267125,2023-07-28,20.0,0.04944625496864319,0.0457436740398407,0.06942720711231232,0.08504730463027954,0.0673912912607193,0.05251476168632507
03168690,48.813156981,1.860979176,2023-07-28,10.0,0.04809025302529335,0.039889320731163025,0.06058073416352272,0.110324926674366,0.09253141283988953,0.06145290285348892
03168035,49.195525727,2.430172609,2023-07-28,3.8,0.16955220699310303,0.15395374596118927,0.1821165531873703,0.18477506935596466,0.13938407599925995,0.10714437812566757
03219030,49.515364608,0.195782565,2023-07-28,3.2,0.022673847153782845,0.019111325964331627,0.04020890220999718,0.05690235272049904,0.05406811833381653,0.0373033732175827
03133670,49.496492534,2.860746851,2023-07-28,4.9,0.1155681237578392,0.1068107858300209,0.13235197961330414,0.16178545355796814,0.13543321192264557,0.11796817928552628
03167820,49.199300647,2.553564357,2023-07-28,6.3,0.12143521010875702,0.11007664352655411,0.13557200133800507,0.15916766226291656,0.1378447413444519,0.11500918120145798
03171770,48.899601335,1.671676992,2023-07-31,5.0,0.031689658761024475,0.027000317350029945,0.04674571380019188,0.09692280739545822,0.07403251528739929,0.04137136787176132
03126000,48.999766343,1.907226554,2023-07-31,5.0,0.20571349561214447,0.1826857030391693,0.2027391940355301,0.23199188709259033,0.20706821978092194,0.17049823701381683
03171880,48.927454966,1.692040381,2023-07-31,6.0,0.022136541083455086,0.017967956140637398,0.037835586816072464,0.08488306403160095,0.07181071490049362,0.04561762884259224
03172000,48.980760416,1.723781232,2023-07-31,9.1,0.04062270745635033,0.03674441948533058,0.06202585995197296,0.0792107805609703,0.06517204642295837,0.041788991540670395
03127370,49.021328188,1.611228878,2023-07-31,5.4,0.23041178286075592,0.19146211445331573,0.20155254006385803,0.23905834555625916,0.23705682158470154,0.19318607449531555
03126055,49.013393298,1.908525711,2023-07-31,7.4,0.15662500262260437,0.1439257264137268,0.17119979858398438,0.17977122962474823,0.15087632834911346,0.11765369772911072
03125500,48.978489488,2.001149396,2023-07-31,2.6,0.1811654269695282,0.15841518342494965,0.17880229651927948,0.1950361132621765,0.18209362030029297,0.15260666608810425
03171885,48.940585339,1.687371622,2023-07-31,9.5,0.026669273152947426,0.020431673154234886,0.03992879018187523,0.08567629009485245,0.07937757670879364,0.05251476168632507
03128000,49.037038769,1.571974513,2023-07-31,11.0,0.00620067585259676,0.006448958069086075,0.03320353850722313,0.009448710829019547,0.006182850804179907,0.004222062416374683
03174000,49.310144107,1.23665644,2023-08-01,11.0,0.01704994961619377,0.014982209540903568,0.03845692798495293,0.02037055976688862,0.020730886608362198,0.016250357031822205
03141490,48.988842829,2.072019717,2023-08-01,4.5,0.07796046137809753,0.07079975306987762,0.09722712635993958,0.10758747160434723,0.10018740594387054,0.0844896212220192
03138000,49.145447105,2.285255527,2023-08-01,2.2,0.026988856494426727,0.024322694167494774,0.047625526785850525,0.04129370301961899,0.041656576097011566,0.03186918795108795
03082781,48.965004408,2.414234351,2023-08-01,7.5,0.01578180305659771,0.014835787005722523,0.03868229314684868,0.047442179173231125,0.028734469786286354,0.01623380370438099
03133850,49.441517993,2.864520634,2023-08-01,0.68,0.1300843358039856,0.1166682168841362,0.1420820653438568,0.16261814534664154,0.13086992502212524,0.09331189841032028
03178000,49.119980322,1.64512256,2023-08-01,2.3,0.014663897454738617,0.01265854574739933,0.035197433084249496,0.05027003586292267,0.037041086703538895,0.019789962098002434
03222000,49.347885831,0.565379045,2023-08-01,2.5,0.06465382874011993,0.05608620122075081,0.07823929190635681,0.11349529027938843,0.10758746415376663,0.0842413455247879
I0399103,49.274799545,0.197724628,2023-08-01,15.0,0.007113588508218527,0.009329025633633137,0.03277955204248428,0.007852068170905113,0.005021656863391399,0.0031321696005761623
03156000,49.436146948,2.876470159,2023-08-01,15.0,0.0833297073841095,0.0769762396812439,0.10393326729536057,0.11043825000524521,0.0827694833278656,0.05682212859392166
03228000,49.304033679,0.147636705,2023-08-01,6.2,0.013277340680360794,0.016082286834716797,0.03498862311244011,0.1132088154554367,0.06585704535245895,0.030994469299912453
03125000,48.93678189,2.038835044,2023-08-01,3.2,0.01814620941877365,0.01719764620065689,0.041922684758901596,0.02057809568941593,0.01903492957353592,0.014500925317406654
03193000,49.287347104,1.209558025,2023-08-01,3.0,0.029788710176944733,0.02696594037115574,0.05040755122900009,0.08112318813800812,0.06554383039474487,0.0370754636824131
03138800,49.084370917,2.20405712,2023-08-01,4.8,0.17662250995635986,0.15536196529865265,0.1770668774843216,0.2063768208026886,0.17616158723831177,0.1374143809080124
H5156903,49.424425133,0.530114866,2023-08-01,35.0,0.021196890622377396,0.019027290865778923,0.03977218270301819,0.037777017802000046,0.023228980600833893,0.01398399006575346
03085000,48.988638724,2.082900235,2023-08-01,4.3,0.07859961688518524,0.06964875012636185,0.09465644508600235,0.10223986953496933,0.10209597647190094,0.08615884184837341
03167000,49.126061049,2.171535869,2023-08-01,0.4,0.03709837794303894,0.031069591641426086,0.05264844745397568,0.07956600934267044,0.0654585137963295,0.04734159633517265
03140400,49.087490019,1.985400521,2023-08-01,8.4,0.044616855680942535,0.04070037230849266,0.06069660186767578,0.1308521032333374,0.08775167167186737,0.055603642016649246
03080660,48.814653807,2.410053858,2023-08-01,17.0,0.06130011007189751,0.05536554753780365,0.08024083077907562,0.07902997732162476,0.0772538110613823,0.06288020312786102
03112480,48.816895156,2.41962979,2023-08-01,9.6,0.015933319926261902,0.015327257104218006,0.04125932231545448,0.024068046361207962,0.020576825365424156,0.015529701486229897
03138390,49.200082325,2.203182776,2023-08-01,7.0,0.03670494630932808,0.02907951921224594,0.0498868003487587,0.08543183654546738,0.08373205363750458,0.062461309134960175
03226310,49.104805654,0.201686723,2023-08-02,32.0,0.014604057185351849,0.016277093440294266,0.03375612571835518,0.1182050108909607,0.07226143777370453,0.03627968579530716
03189490,48.59199775,1.731176879,2023-08-02,35.0,0.004753002431243658,0.0040527209639549255,0.027680227532982826,0.033604610711336136,0.01799214817583561,0.00806979276239872
03227100,49.16568545,0.273899241,2023-08-02,24.0,0.02089640684425831,0.014714829623699188,0.03495042398571968,0.04968562722206116,0.05464998632669449,0.038358885794878006
03227296,49.174766616,0.169416477,2023-08-02,14.0,0.011611944064497948,0.012690377421677113,0.03231864050030708,0.09855638444423676,0.06386061012744904,0.030356578528881073
03225315,48.764583716,0.330264826,2023-08-02,33.0,0.005789419636130333,0.011660328134894371,0.028903810307383537,0.13322031497955322,0.058541007339954376,0.02303035743534565
03226435,48.994737189,0.403983686,2023-08-02,24.0,0.019694466143846512,0.016954457387328148,0.035975381731987,0.0913829430937767,0.07482191920280457,0.039103731513023376
03227725,49.235581372,0.4028809,2023-08-02,66.0,0.011265622451901436,0.01350525114685297,0.03259747847914696,0.10493530333042145,0.06571189314126968,0.028847789391875267
H4389203,49.291359483,1.246453365,2023-08-02,4.4,0.005325960461050272,0.005662096198648214,0.030347663909196854,0.00621340936049819,0.005049667786806822,0.0036185469944030046
03189395,48.582799223,1.602326287,2023-08-02,8.2,0.15915238857269287,0.13751749694347382,0.15825475752353668,0.1881580352783203,0.18669384717941284,0.1466720849275589
03227770,49.283233022,0.30881642,2023-08-02,4.2,0.009800123982131481,0.014507289975881577,0.033190809190273285,0.12321393936872482,0.06494412571191788,0.027165841311216354
03225645,48.862818028,0.284886709,2023-08-02,240.0,0.009428338147699833,0.01072322204709053,0.029972057789564133,0.09503842145204544,0.05957615002989769,0.02827228233218193
03226300,49.105316671,0.216533093,2023-08-02,62.0,0.01890251412987709,0.01878410391509533,0.03685009852051735,0.0989307090640068,0.06760010868310928,0.03571309521794319
03189975,48.685055537,1.449108399,2023-08-02,6.0,0.19287414848804474,0.1675901561975479,0.18646465241909027,0.22078481316566467,0.20936258137226105,0.15891939401626587
H5105513,49.429630795,0.887232697,2023-08-02,2.2,0.010954953730106354,0.01366185862571001,0.03742942214012146,0.012006648816168308,0.011010974645614624,0.008115628734230995
03226835,49.135923577,0.20716632,2023-08-02,66.0,0.020786907523870468,0.02029671147465706,0.03984348475933075,0.09305725246667862,0.06633704900741577,0.03736830875277519
03079920,48.715221027,2.451097224,2023-08-02,43.0,0.038204822689294815,0.03480782359838486,0.058035530149936676,0.08141475915908813,0.05949975550174713,0.03847220540046692
03225460,48.812267377,0.28476715,2023-08-02,48.0,0.009013262577354908,0.013222591951489449,0.030578119680285454,0.12171405553817749,0.0673518255352974,0.028754841536283493
03226488,49.044488306,0.360571404,2023-08-02,58.0,0.011429871432483196,0.012752766720950603,0.0323823019862175,0.0999365746974945,0.06259246170520782,0.029208116233348846
03189675,48.61322645,1.625569321,2023-08-02,52.0,0.02799726277589798,0.02281772531569004,0.041352272033691406,0.10069414228200912,0.0825263038277626,0.04402735084295273
03226000,48.975329116,0.263904534,2023-08-02,52.0,0.009118940681219101,0.011024980805814266,0.03052082471549511,0.1025632694363594,0.06363523751497269,0.02870645746588707
03227745,49.256918109,0.371481453,2023-08-02,8.4,0.009363403543829918,0.013761172071099281,0.03242940828204155,0.12770338356494904,0.06695330142974854,0.026958301663398743
03189545,48.61186768,1.688556373,2023-08-02,76.0,0.020183391869068146,0.018722988665103912,0.042652253061532974,0.06202714145183563,0.03833597153425217,0.018572745844721794
H5109523,49.407979906,0.843609964,2023-08-02,0.9,0.006283436436206102,0.008324439637362957,0.033362697809934616,0.008470862172544003,0.005798331927508116,0.004135482478886843
03227010,49.178650144,0.211433224,2023-08-03,6.2,0.011759641580283642,0.014642254449427128,0.033347416669130325,0.09902492165565491,0.06440682709217072,0.029104983434081078
03226540,49.069440497,0.323829819,2023-08-03,4.7,0.0030761463567614555,0.005122242495417595,0.027568183839321136,0.06615497916936874,0.02854984998703003,0.011012247763574123
03194620,48.728570488,1.010639369,2023-08-03,3.2,0.28195759654045105,0.2453990876674652,0.2630614638328552,0.28888529539108276,0.2064990997314453,0.16020917892456055
03190735,48.816520778,1.562909369,2023-08-03,16.0,0.031881917268037796,0.024935120716691017,0.04451245442032814,0.09547513723373413,0.07972007244825363,0.04484986141324043
03194350,48.698642677,0.829382503,2023-08-03,11.0,0.0268093291670084,0.021460451185703278,0.04044700041413307,0.09872062504291534,0.078670933842659,0.04047501087188721
03193520,48.65040125,1.237363811,2023-08-03,16.0,0.014612969011068344,0.01518338080495596,0.034579914063215256,0.10993914306163788,0.0655476450920105,0.03140827268362045
03194180,48.760749775,1.410257924,2023-08-03,13.0,0.13939043879508972,0.12608762085437775,0.15265123546123505,0.18814533948898315,0.17795686423778534,0.12076040357351303
03196080,48.783773568,1.362785283,2023-08-03,5.1,0.03173549473285675,0.02527889795601368,0.044956814497709274,0.08439286053180695,0.08492252230644226,0.05466526001691818
03190300,48.843316282,1.380537311,2023-08-03,3.0,0.22866235673427582,0.19963759183883667,0.21933841705322266,0.2440812736749649,0.22040796279907227,0.1694541573524475
03226640,49.124361735,0.336399467,2023-08-03,1.3,0.10347235947847366,0.10845580697059631,0.14695221185684204,0.17692045867443085,0.12494935840368271,0.07461437582969666
03196000,48.783266171,1.363629533,2023-08-03,5.3,0.02217346429824829,0.020049702376127243,0.03945132717490196,0.0966210588812828,0.070696622133255,0.03850148990750313
03226720,49.128682623,0.25640787,2023-08-03,39.0,0.1259463131427765,0.11058085411787033,0.13106471300125122,0.1594185084104538,0.15258756279945374,0.12177135795354843
