GLORIA_ID,lat,lon,label,Date_Time_UTC,Water_body_type,Country,Bleu,Vert,Rouge,NIR
GID_314,-21.7607222222,-48.9815277778,45.4,2014-02-06T12:10,1,Brazil,0.0072267642798493,0.0217418554893609,0.0084184751896545,0.0075234293454626
GID_315,-21.8136944444,-48.991,22.1,2014-02-06T14:45,1,Brazil,0.006537422428446,0.018263115781948,0.0069572837174543,0.0046961233549413
GID_316,-21.8509444444,-48.9411388889,10.1,2014-02-06T16:10,1,Brazil,0.0062324523408394,0.0152094990956928,0.0064662076025119,0.0014234765128036
GID_317,-21.9105277778,-48.8918055556,4.5,2014-02-06T17:55,1,Brazil,0.005217650613265,0.0101214024622305,0.0051308641241117,0.0011063658500955
GID_318,-21.7607222222,-48.9815277778,4.7,2014-03-26T13:00,1,Brazil,0.0041816480519564,0.0062622679630096,0.0040601508534501,0.0011504086761975
GID_319,-21.8136944444,-48.991,5.9,2014-03-26T14:17,1,Brazil,0.0040732271090467,0.0072325006134628,0.0046450768947971,0.0011003433500917
GID_320,-21.8509444444,-48.9411388889,10.4,2014-03-26T15:40,1,Brazil,0.0039146591262019,0.0075670441112862,0.0047614384923497,0.0015909712286706
GID_321,-21.9105277778,-48.8918055556,12.0,2014-03-26T16:50,1,Brazil,0.0067853711247463,0.0116515431098489,0.0089620319280299,0.0023908459299188
GID_322,-21.7607222222,-48.9815277778,1.0,2014-05-13T12:30,1,Brazil,0.0025793141559942,0.0038587406674851,0.0022968515900783,0.0006269917072283
GID_323,-21.8136944444,-48.991,8.3,2014-05-13T13:50,1,Brazil,0.0048044757349656,0.0090426198306573,0.0044298452976912,0.0020148269047049
GID_324,-21.8509444444,-48.9411388889,10.1,2014-05-13T15:10,1,Brazil,0.0060177281174238,0.008790014878998,0.0053246394177036,0.0030853756964068
GID_325,-21.9105277778,-48.8918055556,4.5,2014-05-13T16:15,1,Brazil,0.008183409625285,0.0124291150555794,0.0077224981241958,0.0041297633517239
GID_326,-21.7607222222,-48.9815277778,6.1,2014-07-16T12:33,1,Brazil,0.0029978380104135,0.0096231065680406,0.0043204603597803,0.0013604608468735
GID_327,-21.8136944444,-48.991,12.9,2014-07-16T13:30,1,Brazil,0.0036909968241539,0.0099152567629304,0.0043099601778787,0.001257596073677
GID_328,-21.8509444444,-48.9411388889,5.8,2014-07-16T14:27,1,Brazil,0.0036529610480545,0.0085645069325829,0.0042439257211786,0.0012090573260978
GID_329,-21.9105277778,-48.8918055556,4.5,2014-07-16T15:30,1,Brazil,0.0042059733462555,0.0100276050002816,0.0042338809631852,0.0008282193416274
GID_330,-21.7607222222,-48.9815277778,50.6,2014-09-18T12:42,1,Brazil,0.0072267642798493,0.0217418554893609,0.0084184751896545,0.0075234293454626
GID_331,-21.8136944444,-48.991,40.5,2014-09-18T13:37,1,Brazil,0.006537422428446,0.018263115781948,0.0069572837174543,0.0046961233549413
GID_332,-21.8509444444,-48.9411388889,18.8,2014-09-18T14:39,1,Brazil,0.0062324523408394,0.0152094990956928,0.0064662076025119,0.0014234765128036
GID_333,-21.9105277778,-48.8918055556,23.5,2014-09-18T15:30,1,Brazil,0.005217650613265,0.0101214024622305,0.0051308641241117,0.0011063658500955
GID_612,-32.766686,-56.398222,12.4,2019-11-12T13:59,1,Uruguay,0.0104156129637998,0.0143843432749641,0.0159205420770922,0.0047337811330172
GID_613,-32.730417,-56.425556,13.4,2019-11-12T14:43,1,Uruguay,0.0076462852364321,0.0109997671307731,0.0119519110947029,0.002500007480933
GID_614,-32.703056,-56.413056,13.5,2019-11-12T15:27,1,Uruguay,0.0105000310314784,0.0147077835161153,0.0154535988266857,0.003766456153957
GID_615,-32.690556,-56.418056,15.0,2019-11-12T16:57,1,Uruguay,0.0073464517755653,0.0108293169275687,0.0116154247394121,0.0022487558784146
GID_616,-32.675556,-56.431667,14.7,2019-11-12T17:25,1,Uruguay,0.0073252434521334,0.0105158365370412,0.0107788924164703,0.0022139664691736
GID_617,-32.66401,-56.3264,10.7,2019-11-12T18:15,1,Uruguay,0.0060812056042807,0.0090541173335957,0.0085995784593712,0.0018119766433557
GID_618,-32.639292,-56.396217,14.2,2019-11-12T18:57,1,Uruguay,0.0087466915609019,0.0122639473092461,0.013201150989357,0.0026758615387562
GID_619,-32.836667,-56.335278,13.9,2019-11-13T12:41,1,Uruguay,0.0070421464496108,0.0101365052710128,0.0116416439062546,0.0024765875262142
GID_620,-32.802778,-56.3375,1.9,2019-11-13T13:03,1,Uruguay,0.0066759639904496,0.0096572685329588,0.0110638216629309,0.0020956477081174
GID_621,-32.810833,-56.342222,11.3,2019-11-13T13:41,1,Uruguay,0.0069694842600884,0.0098646303401659,0.0113139332785249,0.0023640074554269
GID_622,-32.809444,-56.374167,11.7,2019-11-13T14:09,1,Uruguay,0.006569902107923,0.0091602736397899,0.0102947163232978,0.0021768637887436
GID_623,-33.046222,-57.378333,18.8,2020-01-08T13:02,1,Uruguay,0.0081008764817563,0.0115477457202739,0.0116588038946505,0.0024672122268914
GID_624,-33.057194,-57.395528,12.7,2020-01-08T13:37,1,Uruguay,0.0077853708821405,0.0110096474332901,0.0113310385175317,0.0023147306772883
GID_625,-33.06625,-57.412083,12.4,2020-01-08T14:05,1,Uruguay,0.0083094191832495,0.0116176967504696,0.0119819884382394,0.0024519276701647
GID_626,-33.084889,-57.411583,13.5,2020-01-08T14:25,1,Uruguay,0.0077504624840847,0.0109254074167335,0.0111539811459957,0.0022849290491491
GID_627,-33.114722,-57.414972,12.3,2020-01-08T14:54,1,Uruguay,0.0082611483036117,0.0115770446128689,0.0117391207953643,0.0026624606220804
GID_628,-33.086083,-57.460583,12.2,2020-01-08T17:15,1,Uruguay,0.0077505994610366,0.0112575640323205,0.0116946758143841,0.0022740101251759
GID_629,-33.115194,-57.455194,12.2,2020-01-08T17:40,1,Uruguay,0.0076212072498016,0.0110301791013051,0.0116445257687844,0.0020639217022276
GID_630,-33.068278,-57.448028,12.3,2020-01-08T18:28,1,Uruguay,0.0071369838978449,0.0104970752833687,0.0112232221078295,0.0019249298218659
GID_631,-33.109278,-57.340556,15.8,2020-01-09T16:15,1,Uruguay,0.008683805386449,0.0123101974272673,0.0131344778026093,0.0029856607765761
GID_632,-33.073139,-57.304833,14.5,2020-01-09T16:48,1,Uruguay,0.0073999582380178,0.0105991712413494,0.0115242859811064,0.0021070601216111
GID_633,-33.063556,-57.322806,13.4,2020-01-09T17:17,1,Uruguay,0.0078732485244269,0.0110840935241111,0.0118800582230541,0.0021350252357582
GID_634,-33.053556,-57.365472,13.4,2020-01-09T17:50,1,Uruguay,0.008532776871428,0.0118020385893919,0.0119309246634953,0.0024682871235512
GID_635,-33.041444,-57.359444,15.9,2020-01-09T19:12,1,Uruguay,0.0093556859930297,0.0128656118095042,0.0126056628974097,0.0036723864241627
GID_636,-33.069917,-57.438472,16.8,2020-02-18T14:59,1,Uruguay,0.0094676117622929,0.0139992149271281,0.0128532730559575,0.0035739125355072
GID_637,-33.091191,-57.437602,15.3,2020-02-18T15:45,1,Uruguay,0.00804093948946,0.0122379044388486,0.0111541400539257,0.0021647759080971
GID_638,-33.086083,-57.460583,17.5,2020-02-18T16:18,1,Uruguay,0.0139678796643016,0.0220092788604549,0.0214063206728642,0.0058762470814274
GID_639,-33.114722,-57.414972,17.9,2020-02-18T17:55,1,Uruguay,0.0100201099002308,0.0137233570950233,0.0139674278308745,0.0037734801755413
GID_640,-33.084889,-57.411583,29.1,2020-02-18T18:14,1,Uruguay,0.0100266477419434,0.0147363190898242,0.0134299703560668,0.0036148760339373
GID_642,-33.076484,-57.436548,85.3,2020-02-19T15:15,1,Uruguay,0.0126646468569371,0.0299170431646365,0.0147794631936063,0.0174924096100279
GID_643,-33.084445,-57.431007,100.0,2020-02-19T15:30,1,Uruguay,0.0110828558607886,0.029639964460242,0.0130517207615494,0.0209434102721124
GID_644,-33.06625,-57.412083,54.1,2020-02-19T15:56,1,Uruguay,0.0221935227977641,0.0360343736715039,0.025707558869681,0.0232088989734162
GID_645,-33.06625,-57.412083,54.1,2020-02-19T16:06,1,Uruguay,0.0118707355644109,0.0358725776172031,0.0135814822659043,0.0396367764341176
GID_646,-33.090448,-57.322506,24.0,2020-06-16T15:03,1,Uruguay,0.0108541028963916,0.0156195436237806,0.0157708608207525,0.0039710195753508
GID_647,-33.109278,-57.340556,19.0,2020-06-16T15:20,1,Uruguay,0.011674682330072,0.0163137334795075,0.0167946657708482,0.0036747798605523
GID_648,-33.073481,-57.352654,18.0,2020-06-16T16:11,1,Uruguay,0.0112733056915517,0.0161766246558564,0.0160631091164375,0.0040424849889075
GID_649,-33.053556,-57.365472,19.0,2020-06-16T18:11,1,Uruguay,0.0159566088299456,0.0229101570586124,0.0234036093638427,0.0052435712194061
GID_650,-33.046222,-57.378333,18.0,2020-06-16T18:32,1,Uruguay,0.0130445149243694,0.0185404905952927,0.0192507220586897,0.0041551591447332
GID_651,-33.066949,-57.387696,19.0,2020-06-16T18:48,1,Uruguay,0.0094223339739636,0.0135061494166611,0.0135672625623334,0.00315494866494
GID_652,-33.06625,-57.412083,30.0,2020-06-16T19:02,1,Uruguay,0.0114862680407651,0.0167463547262919,0.0163220905819141,0.0041086025081
GID_653,-33.084889,-57.411583,19.0,2020-06-17T14:06,1,Uruguay,0.0135356151411317,0.0175353666548362,0.0176945624644386,0.0060342422232181
GID_654,-33.114722,-57.414972,30.0,2020-06-17T14:23,1,Uruguay,0.0121096788571721,0.0183149730612273,0.0173546307683687,0.0048270087949307
GID_655,-33.115194,-57.455194,19.0,2020-06-17T15:25,1,Uruguay,0.0149982585112501,0.0203384298378279,0.0207832196334415,0.0058413902192852
GID_656,-33.073139,-57.304833,20.0,2020-06-16T14:34,1,Uruguay,0.0119227885576024,0.017657847108733,0.0162675349445165,0.0050985827024477
GID_657,-33.084676,-57.368898,18.0,2020-06-16T16:25,1,Uruguay,0.0115195755982344,0.0166871374288851,0.0159180571260746,0.0042903901604289
GID_658,-33.085,-57.372778,19.0,2020-06-16T16:37,1,Uruguay,0.0088635186119711,0.0187248250436819,0.0114116794873011,0.0175205470455391
GID_659,-33.068014,-57.413335,29.0,2020-06-16T19:12,1,Uruguay,0.0102626608569399,0.0231101487533211,0.0127440158643909,0.0188797751699474
GID_2113,5.06222,-52.1125,2.918,2016-06-22T16:10,3,France,0.00911408,0.0115256,0.0030971,0.00020353
GID_2114,4.936111,-52.188057,19.43,2016-06-22T18:00,3,France,0.0127859,0.022347,0.0143105,0.00126193
GID_2122,4.745,-52.326668,64.68,2016-06-24T12:10,3,France,0.00640498,0.0156721,0.022799,0.00361159
GID_2123,4.76417,-52.3147,84.34,2016-06-24T12:45,3,France,0.00814975,0.0181083,0.0258103,0.00602077
GID_2124,4.84333,-52.2867,133.8,2016-06-24T13:25,3,France,0.00884924,0.019757,0.0284132,0.007753
GID_2125,4.8475,-52.2572,50.41,2016-06-24T13:45,3,France,0.0116951,0.0234475,0.0280722,0.00425191
GID_2126,4.890278,-52.19,107.6,2016-06-24T14:40,3,France,0.0124563,0.0234539,0.026516,0.00602455
GID_2127,4.89694,-52.2136,366.2,2016-06-24T15:10,3,France,0.000411029,0.00164645,0.00404076,0.00475094
GID_2129,4.90944,-52.2283,247.8,2016-06-24T16:10,3,France,0.000508075,0.00191851,0.00452169,0.00539113
GID_2130,4.848889,-52.281666,156.22223,2016-06-24T18:35,3,France,0.00592563,0.0148053,0.0234886,0.00825005
GID_2141,4.871111,-52.13389,15.25,2016-11-04T13:39,3,France,0.0239894,0.0319523,0.0171011,0.00234366
GID_2142,4.8725,-52.129166,10.28,2016-11-04T13:44,3,France,0.0211532,0.027646,0.011317,0.00131881
GID_2143,4.867778,-52.136112,17.35,2016-11-04T13:49,3,France,0.0233496,0.0314365,0.0171992,0.00212829
GID_2144,4.8708334,-52.168335,27.4,2016-11-04T14:06,3,France,0.0221446,0.0312056,0.0204076,0.00328949
GID_2145,4.8744445,-52.176945,16.3,2016-11-04T14:11,3,France,0.0178482,0.0267886,0.0135425,0.0017835
GID_2146,4.930278,-52.06333,3.638,2016-11-27T12:40,3,France,0.0123347,0.0142499,0.00274494,0.000203773
GID_2147,4.958611,-52.033054,2.132,2016-11-27T13:35,3,France,0.00532231,0.00438842,0.000699059,5.89058e-05
GID_2148,4.9283333,-52.07139,4.057,2016-11-27T14:23,3,France,0.0111794,0.0133267,0.00312849,0.000196237
GID_2149,4.8725,-52.10278,7.544,2016-11-27T15:03,3,France,0.0186242,0.0245584,0.00717271,0.000388825
GID_2150,4.8880553,-52.218056,16.65,2016-11-27T15:54,3,France,0.0122929,0.0222426,0.0229465,0.00584603
GID_2151,4.9852777,-52.279167,17.0,2016-11-28T14:29,3,France,0.0136711,0.0227778,0.0100192,0.00073187
GID_2152,4.9430556,-52.24861,38.3,2016-11-28T15:09,3,France,0.0144305,0.0248059,0.0172026,0.00203209
GID_2153,4.959722,-52.158333,5.61,2016-11-29T12:44,3,France,0.0150324,0.0175741,0.00447088,0.000320067
GID_2154,4.96111,-52.190556,30.6,2016-11-29T13:17,3,France,0.0210736,0.0315511,0.0226435,0.00229684
GID_2155,4.9455557,-52.218613,44.18,2016-11-29T13:50,3,France,0.0181809,0.0292285,0.0225098,0.00285431
GID_2156,4.9119444,-52.212223,38.68,2016-11-29T14:26,3,France,0.0171325,0.0282993,0.0221508,0.0027552
GID_2157,4.8966665,-52.203888,51.93,2016-11-29T14:52,3,France,0.012135,0.0218812,0.0174907,0.00189291
GID_2158,4.866389,-52.235832,23.77,2016-11-29T15:29,3,France,0.0131298,0.022463,0.0145331,0.00130386
GID_2159,4.919722,-52.127224,4.539,2016-12-01T12:24,3,France,0.0146793,0.0187787,0.00512492,0.000368782
GID_2160,4.8780556,-52.189724,38.46,2016-12-01T13:59,3,France,0.0147938,0.0247928,0.020102,0.00287945
GID_2161,4.8897223,-52.209446,104.6,2016-12-01T14:31,3,France,0.0101513,0.0191343,0.0204634,0.00524638
GID_2162,4.9038887,-52.211945,38.08,2016-12-01T15:03,3,France,0.0143038,0.0246314,0.020861,0.00314538
GID_2163,4.903611,-52.19472,68.28,2016-12-01T15:33,3,France,0.0126931,0.0227638,0.0208839,0.00379125
GID_2164,4.848611,-52.267776,19.41,2016-12-02T11:38,3,France,0.0142055,0.0232697,0.0137487,0.0010898
GID_2165,4.8816667,-52.17611,21.69,2016-12-02T12:25,3,France,0.0135044,0.0226204,0.0122159,0.00108628
GID_2166,4.9061112,-52.199444,27.37,2016-12-02T13:05,3,France,0.0177614,0.0278991,0.0192039,0.00175416
GID_2167,4.8894444,-52.19278,28.02,2016-12-02T13:32,3,France,0.0174766,0.0277268,0.0204312,0.00218444
GID_2168,4.8880553,-52.211388,172.44444,2016-12-02T14:00,3,France,0.00610018,0.0129606,0.0162749,0.00530732
GID_2169,4.8541665,-52.245834,112.75,2016-12-02T14:37,3,France,0.008421,0.0165476,0.0181623,0.00413173
GID_2170,50.793835,1.5641167,2.2175,2017-04-21T13:45,3,France,0.0033738955,0.0071885465,0.0022276298,0.00015920532
GID_2171,50.98752,1.2106333,1.1,2017-04-22T11:15,3,France,0.0053354558,0.004991917,0.00095602777,7.996155e-05
GID_2172,50.876034,1.0467167,0.81875,2017-04-22T14:00,3,France,0.0012645563,0.0022817426,0.0007524822,4.2442265e-05
GID_2173,50.8228,0.86231667,2.56875,2017-04-22T16:00,3,United Kingdom of Great Britain and Northern Ireland (the),0.006780541,0.010549974,0.0028908395,0.00022531733
GID_2174,50.661617,0.4341,0.90125,2017-04-23T08:45,3,United Kingdom of Great Britain and Northern Ireland (the),0.004201163,0.004686199,0.0009321083,6.962619e-05
GID_2175,50.699368,0.16091667,1.39375,2017-04-23T11:40,3,United Kingdom of Great Britain and Northern Ireland (the),0.008673945,0.008394345,0.0015311696,0.00012364694
GID_2176,50.539284,-0.6669667,1.67375,2017-04-24T07:00,3,United Kingdom of Great Britain and Northern Ireland (the),0.009270348,0.010333039,0.002187102,0.00016852235
GID_2177,50.540535,-0.9857,1.56,2017-04-24T12:30,3,United Kingdom of Great Britain and Northern Ireland (the),0.008598361,0.010206938,0.0023685412,0.0002300466
GID_2178,50.375233,-1.10195,3.1675,2017-04-24T15:20,3,United Kingdom of Great Britain and Northern Ireland (the),0.010895893,0.012779254,0.003146218,0.0002704272
GID_2179,49.745716,-1.0727667,0.87875,2017-04-25T10:00,3,United Kingdom of Great Britain and Northern Ireland (the),0.007617024,0.0063761114,0.0010623715,9.5184805e-05
GID_2180,49.539066,-1.08915,0.7575,2017-04-25T14:00,3,France,0.0028086316,0.0035632101,0.00075028656,6.178421e-05
GID_2181,49.432934,-0.86656666,0.6325,2017-04-26T07:15,3,France,0.0043741288,0.0050091753,0.0011730292,0.00013172576
GID_2182,49.398815,-0.5995333,3.85,2017-04-26T09:35,3,France,0.011073649,0.013975042,0.003935051,0.0003101107
GID_2183,49.597168,-0.5625,0.34875,2017-04-26T13:10,3,France,0.0030028888,0.0023705086,0.0004167316,3.8474842e-05
GID_2184,49.484367,0.0177,6.24125,2017-04-27T11:10,3,France,0.013563353,0.018789273,0.0056298724,0.00041302026
GID_2185,49.615932,-0.00945,1.09875,2017-04-27T13:30,3,France,0.0056499396,0.0067725126,0.0013479249,0.00011191583
GID_2186,49.7467,-0.004,2.005,2017-04-27T16:00,3,France,0.009457971,0.010568409,0.0023370164,0.00020533847
GID_2187,50.009315,0.7029667,2.2725,2017-04-28T09:00,3,France,0.0025434745,0.00609015,0.0016288775,0.00012318285
GID_2188,50.14315,0.8706,2.41875,2017-04-28T11:15,3,France,0.0040774844,0.0073455167,0.0015782794,0.000117930016
GID_2189,50.056267,0.94736665,2.60625,2017-04-28T13:20,3,France,0.0020080453,0.0048944675,0.0010440372,6.95363e-05
GID_2190,49.97307,1.0176667,2.425,2017-04-28T15:15,3,France,0.0027037929,0.0063348957,0.0016895015,0.00013881573
GID_2191,50.273468,1.3339,4.405,2017-04-29T08:00,3,France,0.004482461,0.010556936,0.002737885,0.00022405059
GID_2192,50.3004,1.1983167,2.20375,2017-04-29T09:35,3,France,0.0043825856,0.007048403,0.0010955451,7.891952e-05
GID_2193,50.425865,1.2590667,1.73125,2017-04-29T11:40,3,France,0.0042607263,0.009733465,0.0019747633,0.00012147268
GID_2194,50.409233,1.3864833,0.765,2017-04-29T13:25,3,France,0.0046774694,0.007122942,0.0009455544,6.913909e-05
GID_2195,50.3908,1.5083,3.79875,2017-04-29T15:05,3,France,0.003967218,0.009853232,0.0029110662,0.00024023428
GID_2196,50.6745,1.3978,1.0755556,2017-06-01T11:00,3,France,0.0096171135,0.0071179066,0.0009420691,6.6941095e-05
GID_2197,5.0775332,-52.058315,4.038,2017-07-01T14:45,3,France,0.003190722,0.005670671,0.0013935223,7.988558e-05
GID_2198,5.1716833,-52.022835,3.97,2017-07-01T15:30,3,France,0.0028279957,0.004218594,0.0010139451,7.262131e-05
GID_2199,4.8771334,-52.22843,27.36,2017-07-01T19:15,3,France,0.0073015913,0.015618118,0.017552983,0.0020904322
GID_2200,,,3.235,2017-07-02T12:15,3,France,0.003770148,0.0072437385,0.002580759,0.00015834376
GID_2201,4.9325666,-52.174767,7.989,2017-07-02T14:15,3,France,0.006830497,0.013740344,0.0050520618,0.0003705505
GID_2202,4.8499165,-52.256783,7.768,2017-07-02T15:30,3,France,0.0022663416,0.005100524,0.00451827,0.00028477717
GID_2203,4.847833,-52.263866,6.412,2017-07-03T14:50,3,France,0.0035720523,0.009631842,0.010409073,0.00055489806
GID_2204,4.888167,-52.232285,12.24,2017-07-03T20:31,3,France,0.005750238,0.012714079,0.012413029,0.0010433815
GID_2205,5.027483,-52.303295,15.1,2017-07-05T13:45,3,France,0.011845044,0.021211935,0.013591398,0.00076469616
GID_2206,5.0336666,-52.135017,7.744,2017-07-06T13:30,3,France,0.013442842,0.018935192,0.008073213,0.00046110994
GID_2207,5.0092335,-52.1988,9.587,2017-07-06T14:13,3,France,0.014067104,0.02089179,0.009002473,0.0006154214
GID_2208,5.0476,-52.306217,10.83,2017-07-06T15:24,3,France,0.012006799,0.019945737,0.009550635,0.0004867525
GID_2209,4.992067,-52.315483,8.512,2017-07-06T16:38,3,France,0.011620126,0.020112948,0.008748924,0.0005307513
GID_2210,50.7577,1.5229,2.308,2017-10-16T09:53,3,France,0.01084127,0.012322998,0.0027748707,0.00025916818
GID_2211,50.7575,1.5534,3.746,2017-10-16T10:20,3,France,0.014689891,0.017740306,0.0045947134,0.0003326618
GID_2212,4.765347,-52.026325,79.22,2017-11-07T13:50,3,France,0.012868192,0.020944776,0.019712022,0.0037786188
GID_2213,5.04703,-52.1083,4.297,2017-11-07T17:40,3,France,0.013303512,0.015061867,0.0031316518,0.00026343373
GID_2214,4.971803,-52.165466,8.712,2017-11-07T18:35,3,France,0.016912922,0.02343434,0.008476111,0.00056443474
GID_2215,4.898374,-52.216633,251.9,2017-11-07T19:15,3,France,0.0067496053,0.0135408025,0.018291526,0.009206629
GID_2216,5.142337,-52.375328,7.864,2017-11-08T12:45,3,France,0.016694931,0.020065976,0.0052895653,0.00047274982
GID_2217,5.21393,-52.60672,26.41,2017-11-08T17:25,3,France,0.018086215,0.026909027,0.017686956,0.0019714804
GID_2218,5.337697,-52.78758,48.34,2017-11-09T12:35,3,France,0.019830443,0.030756826,0.02193734,0.0030843886
GID_2219,5.467973,-52.961994,17.477777,2017-11-09T14:46,3,France,0.00777586,0.016284917,0.006564796,0.0015284636
GID_2220,5.497144,-52.94449,17.92,2017-11-09T15:40,3,France,0.02582636,0.034130294,0.01882953,0.002506105
GID_2221,5.495569,-53.02525,15.144444,2017-11-09T17:30,3,France,0.011719859,0.02166856,0.013778569,0.0018126433
GID_2226,51.180965,2.2491167,0.914,2018-04-19T08:32,3,France,0.0039935317,0.005308087,0.0010545364,8.53981e-05
GID_2227,51.0872,2.3158667,1.1222222,2018-04-19T11:38,3,France,0.0027878375,0.005307865,0.0010004818,7.801451e-05
GID_2228,50.9156,1.6107833,1.224,2018-04-20T07:22,3,France,0.0030337102,0.005067308,0.0011875425,0.000106270134
GID_2229,50.978767,1.4959667,1.099,2018-04-20T09:38,3,France,0.0041140486,0.0045637265,0.00088391715,8.33949e-05
GID_2231,50.68665,1.4312834,1.2711111,2018-04-21T07:22,3,France,0.0012482288,0.001710617,0.00041251682,3.147519e-05
GID_2232,50.569416,1.5275,0.92,2018-04-21T09:56,3,France,0.001823084,0.0037717703,0.0010002007,8.231236e-05
GID_2233,50.565483,1.3112333,0.75,2018-04-21T12:30,3,France,0.0014880894,0.0017619404,0.00038045942,2.7839704e-05
GID_2234,50.389767,1.2390333,0.285,2018-04-22T07:30,3,France,0.0019347847,0.0017188591,0.00027519124,2.6506747e-05
GID_2237,50.2408,1.4532833,2.856,2018-04-22T15:48,3,France,0.0012953713,0.002309275,0.0005394246,4.3478736e-05
GID_2238,50.271168,0.7171,0.7411111,2018-04-23T11:01,3,France,0.00307916,0.0025782962,0.00044163398,6.928789e-05
GID_2239,49.9017,0.5530667,1.961,2018-04-23T15:22,3,France,0.01033404,0.009850238,0.0017891409,0.00013921523
GID_2240,49.745716,-0.01805,0.755,2018-04-24T10:59,3,France,0.0036081579,0.003513808,0.00067460816,7.187335e-05
GID_2241,49.618,-0.00775,0.981,2018-04-24T14:02,3,France,0.0033536102,0.004632094,0.00079912756,5.9053407e-05
GID_2242,49.484066,0.010616667,5.641111,2018-04-24T16:42,3,France,0.0033132012,0.005411233,0.0017353566,0.00017178967
GID_2243,49.4198,-0.33453333,0.722,2018-04-25T07:42,3,France,0.0050699287,0.0041815033,0.00076132914,0.000102422506
GID_2244,49.4194,-0.61971664,1.747,2018-04-25T10:46,3,France,0.008498406,0.008902983,0.0016021933,0.00013098515
GID_2245,49.510517,-0.58695,0.55444443,2018-04-25T12:52,3,France,0.0030298473,0.0023686965,0.00041509603,6.012846e-05
GID_2247,49.655884,-1.0935833,0.756,2018-04-26T09:38,3,France,0.006235687,0.0047249263,0.0007046134,6.634676e-05
GID_2248,49.7493,-1.0907667,0.772,2018-04-26T11:56,3,France,0.008402321,0.0072131087,0.0012390268,0.000112043606
GID_2249,49.902782,-1.9638166,1.545,2018-04-28T07:26,3,France,0.00966781,0.007982122,0.0013387433,0.00011806589
GID_2250,49.965435,-2.3132668,0.452,2018-04-28T11:05,3,France,0.006836106,0.0045460863,0.0006410962,6.506331e-05
GID_2251,49.7143,-2.8534834,0.487,2018-04-28T16:12,3,France,0.0035262108,0.0017515961,0.00023471848,2.6871454e-05
GID_2252,48.344265,-4.68155,1.17375,2018-04-30T07:13,3,United Kingdom of Great Britain and Northern Ireland (the),0.0027470621,0.0029682121,0.00069281424,0.00014126109
GID_2253,48.344234,-4.6808333,1.117,2018-04-30T10:33,3,United Kingdom of Great Britain and Northern Ireland (the),0.0037966548,0.004533832,0.000890827,7.709032e-05
GID_2254,48.344017,-4.68085,0.899,2018-04-30T15:59,3,United Kingdom of Great Britain and Northern Ireland (the),0.0037327409,0.004434296,0.0010173132,0.00016195013
GID_2255,48.3235,-5.2558,0.55222225,2018-05-01T07:14,3,United Kingdom of Great Britain and Northern Ireland (the),0.0033362033,0.0028693595,0.00053879747,6.139737e-05
GID_2256,48.318134,-5.108383,1.079,2018-05-01T09:56,3,United Kingdom of Great Britain and Northern Ireland (the),0.0024614236,0.0018589579,0.0003130685,2.6949381e-05
GID_2257,48.30887,-4.6281333,0.729,2018-05-01T14:21,3,United Kingdom of Great Britain and Northern Ireland (the),0.0032109094,0.0032577007,0.0006505905,6.656441e-05
GID_7140,30.7268,114.281,19.1,2021-04-16T02:20,1,China,0.0177012127706806,0.0271709318846484,0.0170996070857932,0.0116469587354649
GID_7141,30.7326,114.2815,19.5,2021-04-16T02:44,1,China,0.015081522407388,0.0230360864631209,0.0147250153348622,0.0106156347042294
GID_7142,30.7286,114.2888,18.4,2021-04-16T03:15,1,China,0.0121371559601879,0.0189712692165539,0.0110899164346433,0.0068436625529515
GID_7143,30.7388,114.2612,29.2,2021-04-16T03:44,1,China,0.0106856628791899,0.0131748461891471,0.0098262261864936,0.0081137189988248
GID_7144,30.735,114.268,18.2,2021-04-16T04:01,1,China,0.0149669308483618,0.0210211848835775,0.0143143955816851,0.0111376629175708
GID_7145,30.7214,114.281,33.3,2021-04-16T04:25,1,China,0.0229151287063711,0.037605129953753,0.0243952696771257,0.0130698039267064
GID_7146,30.5459,114.3738,4.75,2021-04-16T07:15,1,China,0.009858057175112,0.0149541984529145,0.0077922260137792,0.0044658877031585
GID_7147,30.5488,114.3835,4.47,2021-04-16T07:36,1,China,0.011978001017096,0.0176057198048255,0.0095301979923426,0.0057614089399266
GID_7148,30.5576,114.3856,4.66,2021-04-16T07:56,1,China,0.0112427051800115,0.016692170431478,0.00911002894258,0.005398535669677
GID_7149,30.5663,114.3825,3.13,2021-04-16T08:16,1,China,0.0127610433371082,0.0196779171638819,0.0097848459012897,0.0056213525900057
GID_7150,30.5589,114.3772,3.37,2021-04-16T08:36,1,China,0.0115737474616426,0.0165139168952151,0.0088967613188369,0.005694563863828
GID_7151,30.5430336,114.3773017,6.97,2021-04-29T01:37,1,China,0.0051484426051044,0.009509618102116,0.0041195267622871,0.0007494890253653
GID_7152,30.5464687,114.3855903,8.39,2021-04-29T02:00,1,China,0.0061894908987524,0.0111979985282807,0.0053601873486229,0.0010575248144818
GID_7153,30.5522647,114.3900614,8.24,2021-04-29T02:18,1,China,0.0077088015574239,0.0135384540390054,0.0062803136334922,0.0010252792041314
GID_7154,30.5639571,114.3852668,10.7,2021-04-29T02:40,1,China,0.0078181101858337,0.0136985681746866,0.0065782572025351,0.0012404102173987
GID_7155,30.5571815,114.3747511,7.23,2021-04-29T03:10,1,China,0.0052105537288043,0.0099407172169001,0.00416692216256,0.0003320183153878
GID_7156,30.7276854,114.2901215,65.4,2021-04-29T06:40,1,China,0.0090675235159932,0.0183253771912786,0.010609152205578,0.0065592558636674
GID_7157,30.7308014,114.2834926,64.0,2021-04-29T07:40,1,China,0.0054140428153725,0.0111390728139253,0.0056343163790735,0.0037164566800446
GID_7158,30.733476,114.2762291,70.8,2021-04-29T07:57,1,China,0.0089702979090223,0.0176332735754371,0.0102510921401944,0.0059707773968818
GID_7159,30.7356289,114.2695238,52.2,2021-04-29T08:10,1,China,0.0079111296406139,0.016359039092647,0.0085535599335099,0.0057749595169573
GID_7160,30.7383135,114.2625604,69.7,2021-04-29T08:24,1,China,0.0088707696800285,0.0173382147234346,0.0095611269422928,0.0074235156721898
GID_7161,30.1949276,114.4472044,7.15,2021-05-09T02:15,1,China,0.0092020194046273,0.0182968378098965,0.0066839338458476,0.0009146406647122
GID_7162,30.2088802,114.4513236,6.09,2021-05-09T02:33,1,China,0.0085481982426964,0.0183034161285005,0.0061001853625939,0.0007156420675672
GID_7163,30.2213931,114.4572713,7.14,2021-05-09T02:45,1,China,0.0113756446238201,0.0210729614538316,0.007542014155018,0.0009279310210726
GID_7164,30.2459439,114.4744685,6.48,2021-05-09T03:04,1,China,0.0131479431897301,0.0233502061388358,0.0080960023363791,0.0010418806484369
GID_7165,30.2318163,114.487076,9.14,2021-05-09T03:17,1,China,0.0176477540157138,0.0289338631780073,0.0113477760215975,0.0014163233470003
GID_7166,30.2281043,114.5097555,12.6,2021-05-09T03:31,1,China,0.0206003777638836,0.0329600915442152,0.0146987144185015,0.0018952581144152
GID_7167,30.2433892,114.5299395,10.9,2021-05-09T03:48,1,China,0.0191575301703053,0.0298985847583143,0.0123045637618426,0.001621188324088
GID_7168,30.2628365,114.5382013,6.94,2021-05-09T04:00,1,China,0.0154366203412291,0.0246934626201041,0.0087513374018873,0.0010937323572281
GID_7169,29.4139094,116.0475762,22.0,2021-06-05T01:05,1,China,0.0151681620577972,0.0264796621477543,0.0200064188504618,0.003689088506442
GID_7170,29.3342602,116.088536,18.5,2021-06-05T01:41,1,China,0.0140955205364564,0.025369958074505,0.0166055768233743,0.0023541515625222
GID_7171,29.2670355,116.0980905,18.9,2021-06-05T02:18,1,China,0.0133870490430352,0.0241631604356306,0.0152555933324127,0.0020031495721269
GID_7172,29.2058556,116.2341673,30.6,2021-06-05T03:17,1,China,0.0166496964939755,0.0309574775165177,0.022395197322057,0.0032710970215229
GID_7173,29.1588278,116.2726452,29.6,2021-06-05T03:47,1,China,0.0211376152195705,0.0375708340873712,0.0258605126663297,0.0045237008941083
GID_7174,29.0833128,116.3118778,11.5,2021-06-05T04:26,1,China,0.0106446323309749,0.0189898568401,0.010499203559728,0.0015600186289762
GID_7175,29.0201862,116.3750962,11.7,2021-06-05T05:07,1,China,0.0082003729174203,0.0150093010608773,0.0083753951932159,0.0011161055232294
GID_7176,29.0056088,116.317828,8.28,2021-06-05T05:39,1,China,0.0050716484672525,0.0096628008103913,0.0052859996780837,0.0008763074122182
GID_7177,29.0338081,116.2977716,7.18,2021-06-05T06:03,1,China,0.0075701535020838,0.0133231939239317,0.007205755778651,0.0015614650867485
GID_7178,29.055715,116.2702966,17.7,2021-06-05T06:29,1,China,0.0129333573776859,0.0237804747879875,0.016246609259607,0.0019598530695948
GID_7179,29.0843772,116.2467636,17.5,2021-06-05T06:47,1,China,0.0139874915854122,0.0257612838785535,0.0171486810092686,0.0022139547067623
GID_7180,29.1129623,116.2141859,21.1,2021-06-05T07:08,1,China,0.0156668459502546,0.029265637691852,0.0203678868835386,0.0024736974817226
GID_7181,29.1472115,116.1860984,15.7,2021-06-05T07:29,1,China,0.011510190478871,0.0226482118977186,0.01266675336552,0.0020385039504972
GID_7182,29.1482031,116.1352565,6.81,2021-06-05T07:50,1,China,0.0050147453204834,0.0092817868581195,0.0045768277869409,0.0006460573252618
GID_7183,29.1811213,116.1766456,7.43,2021-06-05T08:12,1,China,0.0070341466114801,0.013768819973469,0.0075589886444593,0.0008740777220956
GID_7184,29.2668463,116.0577695,16.9,2021-06-05T09:15,1,China,0.0174289200500904,0.0315494978729898,0.0205225756203136,0.0033334025340236
GID_7185,30.2720615,114.5726547,21.95,2021-09-11T01:50,1,China,0.008275472707016,0.0229746602973369,0.0092513422382278,0.0030076232703241
GID_7186,30.2353204,114.5827888,17.975,2021-09-11T02:00,1,China,0.0079899298989581,0.0223255663540283,0.0080311673640516,0.0029834558545146
GID_7187,30.2015513,114.5845135,17.825,2021-09-11T02:10,1,China,0.0083312091663472,0.0217468974361627,0.0085828460376424,0.0020972050176917
GID_7188,30.2623082,114.537983,16.6666666666667,2021-09-11T02:30,1,China,0.0091805563228172,0.027975809044164,0.0104946273666445,0.0025636054463659
GID_7189,30.2511878,114.5286364,14.925,2021-09-11T02:40,1,China,0.0107153365541238,0.0297914344869609,0.0117768438834978,0.0025300179210705
GID_7190,30.2419442,114.51452,14.7,2021-09-11T02:47,1,China,0.0099681493737088,0.0297500186550997,0.011182249624074,0.0019635677947239
GID_7191,30.2314812,114.4864077,15.375,2021-09-11T02:56,1,China,0.0083706163336845,0.026247604463204,0.009963464911065,0.0019316377713021
GID_7192,30.2354945,114.4654942,16.275,2021-09-11T03:05,1,China,0.0074742377724667,0.0230487723298936,0.0090092214340988,0.0024059266918952
GID_7193,30.2238682,114.4577847,17.3,2021-09-11T03:11,1,China,0.0069814234352435,0.0226992141118901,0.0090097554332663,0.0025718809179699
GID_7194,30.197227,114.4439237,19.35,2021-09-11T03:20,1,China,0.0046407415770597,0.0189348688159441,0.0064380554267767,0.0011840176261793
GID_7195,30.1789409,114.4574781,16.925,2021-09-11T03:30,1,China,0.0084202429882533,0.0260690096478415,0.0103927978965355,0.002126226018824
GID_7196,30.3154937,114.5651165,14.875,2021-09-11T04:15,1,China,0.0030665645460181,0.0102326202205743,0.0032213242853973,0.0007141122507047
GID_7197,30.314412,114.5394892,15.375,2021-09-11T04:23,1,China,0.006860358825632,0.0246493862645632,0.0088514579211873,0.0014935731218195
GID_7198,30.342488,114.5349416,15.425,2021-09-11T04:31,1,China,0.0072790550266777,0.0261629146193801,0.0093901035249771,0.0018696529587591
GID_7199,30.3503239,114.513663,16.475,2021-09-11T04:39,1,China,0.0073035271063016,0.0265472383099983,0.0097835285406286,0.0019084186904626
GID_7200,30.723295,114.2817447,91.8333333333333,2021-09-16T01:57,1,China,0.0172057122482968,0.0306482733494997,0.0209253224217808,0.0111300333695416
GID_7201,30.7313448,114.273538,79.8,2021-09-16T02:08,1,China,0.0119183161130413,0.0230551741610583,0.0131052056765061,0.0079162041161621
GID_7202,30.7404504,114.2799199,68.0333333333333,2021-09-16T02:18,1,China,0.0110726470808182,0.0234717447090815,0.0119440438928543,0.0071868534783356
GID_7203,30.7351875,114.2877368,66.7333333333333,2021-09-16T02:28,1,China,0.0089215855546867,0.0182346788879204,0.00897955713463,0.0036758060173857
GID_7204,30.7238515,114.2948041,68.0333333333333,2021-09-16T02:39,1,China,0.0117259266664323,0.0222254703451733,0.0126763931818983,0.0055149472282571
GID_7205,30.5948549,114.4165235,18.2,2021-09-16T06:12,1,China,0.004445746137169,0.0138021440291336,0.0053534261889107,0.0014775399950309
GID_7206,30.593783,114.4090064,30.0333333333333,2021-09-16T06:20,1,China,0.0099261922439072,0.0251978660889603,0.0121341772631019,0.0046587046914603
GID_7207,30.5956571,114.4054554,32.5,2021-09-16T06:29,1,China,0.008425211632011,0.0209240902072593,0.0099125870485776,0.0034151596635312
GID_7208,30.5877655,114.3989053,21.9666666666667,2021-09-16T06:40,1,China,0.0061813512258724,0.012928969655684,0.0063231348576153,0.0017618549229535
GID_7209,30.5848732,114.4033382,18.7666666666667,2021-09-16T06:47,1,China,0.0048188679592414,0.0129265126184479,0.004675423554108,0.0005203034080107
GID_7210,30.5841471,114.4058689,32.3,2021-11-09T01:05,1,China,0.0204329092629921,0.0301025794384641,0.0247475620488178,0.006663713541468
GID_7211,30.5866545,114.4019194,30.75,2021-11-09T01:14,1,China,0.0221667539972163,0.0323151798280405,0.0259069605947794,0.0070923654035737
GID_7212,30.5865182,114.396528,35.85,2021-11-09T01:21,1,China,0.0185552352816684,0.0255419482407506,0.0200093511607328,0.0055275358011423
GID_7213,30.5829228,114.3948325,31.45,2021-11-09T01:29,1,China,0.0132303174971209,0.0189519636916756,0.0132808290387295,0.002431755992141
GID_7214,30.5785828,114.3949726,28.2,2021-11-09T01:36,1,China,0.0290306113850944,0.0415066705297363,0.0340274425476301,0.0123944360333034
GID_7215,30.5738814,114.3964097,33.7,2021-11-09T01:43,1,China,0.02375608152004,0.0352638287181556,0.0283708491655965,0.0081823651887037
GID_7216,30.5697972,114.3996489,36.9,2021-11-09T01:50,1,China,0.0229368166236303,0.0335619998418801,0.0276297407312127,0.0077263871236451
GID_7217,30.5750325,114.4008242,33.0,2021-11-09T01:59,1,China,0.0209880408408072,0.0300264210668719,0.0231240378485762,0.0063033824530429
GID_7218,30.5786691,114.4004941,33.7,2021-11-09T02:05,1,China,0.0179991043084269,0.0226460438223576,0.0169236719206883,0.0065916632136939
GID_7219,30.5826544,114.4017511,37.55,2021-11-09T02:12,1,China,0.0168664988502705,0.0230997396411901,0.0175433768033872,0.0053256281932942
GID_7220,30.7250561,114.2982603,62.15,2021-11-09T06:58,1,China,0.028827358032223,0.0435269912318817,0.0298218186786093,0.0171792429049751
GID_7222,30.7251181,114.3140403,60.45,2021-11-09T07:23,1,China,0.0358518966862192,0.0549295887034353,0.0413433590314989,0.0207869947970815
GID_7224,30.7354299,114.3120021,73.8,2021-11-09T07:37,1,China,0.0322479996136807,0.0506985321450725,0.0382861815499123,0.0158629204444958
GID_7225,30.7395849,114.312787,82.9,2021-11-09T07:43,1,China,0.0314531564877483,0.0497723084397392,0.0380544614437606,0.0163995210104934
GID_7226,30.7298716,114.2936909,102.5,2021-11-09T08:23,1,China,0.039048035995548,0.0576459402131081,0.043605085288033,0.0239916500339082
GID_7227,30.7280861,114.2856689,85.75,2021-11-09T08:33,1,China,0.0291552975278069,0.0468267276734267,0.0322484769744744,0.0157278565623313
GID_7228,30.2770808,114.5833618,52.3,2021-11-10T01:20,1,China,0.0238435639941186,0.0372324874520058,0.0305497983881573,0.0074286575356348
GID_7229,30.2300328,114.6017506,62.95,2021-11-10T02:12,1,China,0.0220352602825126,0.0346505715772729,0.0278843415796231,0.0085799317411146
GID_7230,30.1908588,114.5950991,70.6,2021-11-10T02:31,1,China,0.0209320601211531,0.0348433652216399,0.0275577706603362,0.0099142035566033
GID_7231,30.1664212,114.6059681,108.0,2021-11-10T02:42,1,China,0.0261414011729049,0.0420429107481045,0.0362359154522043,0.0155970054157961
GID_7232,30.1455382,114.6110254,71.75,2021-11-10T02:54,1,China,0.0209885508351339,0.0340991401538013,0.0285847658235632,0.0080584484436759
GID_7233,30.1840261,114.5842336,68.8,2021-11-10T03:09,1,China,0.0321069683300078,0.0482623111571207,0.0389086916444592,0.0145887891684505
GID_7234,30.220863,114.5702022,68.65,2021-11-10T03:30,1,China,0.0204344053337415,0.0346191241931097,0.0277439749967215,0.009003657439267
GID_7235,30.2531259,114.5587417,63.0,2021-11-10T03:42,1,China,0.0338165322430301,0.050606610256922,0.0440252478936842,0.0131265933913791
GID_7237,30.2820652,114.571445,44.2,2021-11-10T04:28,1,China,0.0257203705261201,0.0411110171609285,0.0331470012020032,0.0068229385917436
GID_7238,30.2727933,114.5719682,46.1,2021-11-10T04:34,1,China,0.0219842122198897,0.0356415598071521,0.0284192772815859,0.0062327392151112
GID_7239,30.2863661,114.5974214,77.4,2021-11-10T04:48,1,China,0.0179871607749093,0.0294587561107096,0.0280461148452545,0.0086604416075284
GID_7240,30.3053516,114.5888336,49.7,2021-11-10T04:56,1,China,0.0217649699236127,0.0338600096291845,0.0279251980696707,0.0064088136037645
GID_7241,30.3093418,114.5655131,30.3,2021-11-10T05:11,1,China,0.0293302881411975,0.0441729292008763,0.0333297443200377,0.0079682218760687
GID_7242,30.323202,114.5400774,24.3,2021-11-10T05:25,1,China,0.0194791456682433,0.0313085521783775,0.020635168931194,0.0033420504145795
GID_7243,30.3352509,114.5369563,17.6,2021-11-10T05:29,1,China,0.0169242676760459,0.0284834536455457,0.0174512566348507,0.0032150906404027
GID_7244,30.3498544,114.5251016,15.6,2021-11-10T05:37,1,China,0.0131995111651125,0.0205931994679975,0.0120740970022241,0.0019802005016615
GID_7245,30.5326598,114.4477333,26.45,2021-11-11T01:28,1,China,0.0109908191748595,0.0215387629392869,0.01213775236259,0.0040357855482607
GID_7246,30.5355257,114.4433256,27.0,2021-11-11T01:40,1,China,0.0127186028418981,0.0201019673269191,0.0115374174924276,0.0050401920068214
GID_7247,30.5380894,114.4375026,23.9,2021-11-11T01:50,1,China,0.0099272081193628,0.0165502580384652,0.0094233138679131,0.0037120711529457
GID_7248,30.5412885,114.4332515,22.5,2021-11-11T02:05,1,China,0.0151810019069232,0.0229913558293062,0.0133835490586303,0.0052562220273683
GID_7249,30.5455148,114.4313844,15.45,2021-11-11T02:12,1,China,0.0136433969998256,0.0210822595264548,0.0116050127047284,0.0045745796993791
GID_7250,30.5484775,114.4285769,14.85,2021-11-11T02:24,1,China,0.0132188316680609,0.0200000567169353,0.012131712025868,0.0052486640113708
GID_7252,30.5402993,114.4293922,16.65,2021-11-11T02:39,1,China,0.0130630019441682,0.0206009840890678,0.012019252966557,0.0044192499400593
